text,mid
头痛衣🦶,4662982274980456
人口问题是房价好吗？现在孩子长大成人不给婚房啊…,4662982274980456
但是我看他们联合倡议说的是义务教育阶段来着,4662981624864566
哪里来的消息？,4662981624864566
别学了,4662981624864566
这个消息是真的？,4662981624864566
那就是说暑假照样补课呗,4662981624864566
这个是南京还是全国？,4662981624864566
杭州也是这样吗,4662981624864566
江苏不是只有南通试点吗？,4662981624864566
谁说的,4662981624864566
好样的,4662977460707460
能怎么说，难道说要反对？反对也无效啊,4662977460707460
支持，先把学而思取缔了,4662977460707460
四线城市教育机构 通知建议办理离职 无N+1,4662977132760013
一个蛋糕，资本，个人来分。 资本吃饱了要上市，个人没吃饱玩花样。 可怕至极，制造内卷。 资本教育就是城外人要进来，城里人要出去。 恐怕已经丧失教育本质了吧。 辜负了家长，可怜了孩子。 起跑线思想已经根深蒂固。 一下拔出来不可能。,4662974155590631
都不在了。。。,4662974155590631
新东方不在？新东方也不是靠K12起家的呀。而且人家在转型呢。你们就别跟着瞎操心了。好好想想自己的娃吧。,4662974155590631
唯有公务员百年不变马总都难自保,4662974155590631
厉害,4662974155590631
想阶级固化就去资本主义国家，社会主义国家就应该靠孩子自己能力阶级流动，儿孙自有儿孙福大家让他们自己努力就好。,4662974155590631
啊啊啊新东方别倒啊 老师是真的好 很会教 辅导老师也特别有耐心 我的英语语文数学都是靠新东方提上去的,4662974155590631
有一些人总认为自己比国家聪明 人家都想不到 做这个决定肯定有意义的,4662974155590631
你放心，人家高中继续做，雅思，托福，四六级，考研，游学，有很多部门啊，,4662974155590631
马云我说错了，教育不在了,4662974155590631
什么辣鸡政策，组队去北京闹,4662974155590631
马云还说他对钱没有兴趣…。,4662974155590631
教学一定不能有外资进入，保持中国政治的纯洁性,4662974155590631
马云还说过未来最不值钱的就是房子，坐等落实,4662974155590631
666,4662974155590631
补课成本越来越大，孩子学不会的就不学了吗。,4662974155590631
都对了,4662974155590631
治国理政已经说了，这课外培训要整改的,4662974155590631
回复@myslan:干掉98%就够了,4662974155590631
补课依然会大量存在,4662974155590631
学位就增加了？升学率就提高了？,4662974155590631
因为马云曾经当过老师。他肯定能读懂政府。而那个新东方，他是一个私人机构,4662974155590631
回复@敦煌树:鼓励生孩子啊 没人交养老金来补洞了,4662974155590631
没想到马老师已经不在了,4662974155590631
新东方厨师怎么教书吗,4662974155590631
新东方不是厨师吗？,4662974155590631
回复@敦煌树:打击资本过度进入 教育 ~~~ 好像有大量外来资金进入这个行业 ~~~,4662974155590631
某些大佬应该认真学一学，要搞明白社会主义必须是国家驾驭资本，不要总妄想着能倒过来。,4662974155590631
干掉新东方,4662974155590631
马云的《胡办学院》也不在了,4662974155590631
马总先退下了,4662974155590631
国家是需要大量的劳动力了 而不是脑力,4662974155590631
他自己在不在都没看明白,4662974155590631
教育本是国之根本，可以整顿没有必要这样一刀切。,4662974155590631
谁不是呢哭了,4662968232975229
只要有政策，资金，情绪的推动，就算再冷门的板块和方向也能火爆,4662961577134040
救命啊,4662961577134040
加油，明天飞起来鸭,4662961577134040
虾看空，那我们就放心了,4662961577134040
白酒跌，科技涨,4662961577134040
得看美股股指期货、人家下咱下，人家拉升，咱这至少会红盘。,4662961577134040
基本同意,4662961577134040
谢谢666,4662961577134040
@量化分析官 今日机构热搜 1.贵州茅台 2.宁德时代 3.比亚迪 4.三一重工 5.赣锋锂业 6.隆基股份 7.歌尔股份 8.片仔癀 9.中国平安 10.三安光电 11.东方财富 12.牧原股份 13.五粮液 14.恒瑞医药 15.天齐锂业 16.中远海控 17.招商银行 18.长城汽车 19.立讯精密 20.通威股份 21.阳光电源 22.北方华创,4662961577134040
六六六,4662961577134040
当情况不太好的时候看下跌没错，当突飞猛进上涨的时候提示下跌当风险也没错，总之任何时候看跌A股都是基本策略,4662961577134040
7777777,4662961577134040
侠哥,4662961577134040
水井坊是比一季度降低四千万，同比是增长的，怎么到你那就是亏损了,4662961577134040
坚持互动，目标成为铁粉,4662961577134040
转发微博,4662961577134040
明天惨不忍睹,4662961577134040
收到，谢谢,4662961577134040
侠弟你预测的肯定对，明天大好而不妙,4662961577134040
低开高走,4662961577134040
电信要上了，这么不给面儿？,4662961577134040
666,4662961577134040
继续卧底水泥,4662961577134040
四川双马要成为A股下周最靓的仔,4662961577134040
空仓？,4662961577134040
收到,4662961577134040
不一定吧？,4662961577134040
周五和6月11日走势相似……个人观点,4662961577134040
下周一收大阳才是意外，但可能性很大,4662961577134040
制造才能兴国,4662961577134040
你一看空，大盘就会蹦达起来,4662961577134040
不妨碍提车就好,4662961577134040
咱们大A的熊逼走势很容易让老美更相信零和博弈，从而更不信咱们的所说的双赢。欧洲紧跟美国步伐，那是双赢,4662961577134040
继续分化,4662961577134040
侠哥说得好，该谨慎的时候要谨慎，短线风险大收益也大，但是谨慎的人能赚大钱,4662961577134040
侠哥看空，我们满上就对了，保准赚钱，今年无一失败！,4662961577134040
收到谢谢,4662961577134040
收到！,4662961577134040
爱国国货战线 肯定要炒的,4662961577134040
明天贵人鸟挂天花板,4662961577134040
本来100一节大课，现在要勒紧裤腰带去上300一节的一对一课了。不对，300是现在行情，估计要涨到600了,4662956628119913
因为教育成为西方资本渗透毒害我们下一代思想最严重的区域！你看着，下一步就是虎牙、斗鱼这些平台的末日！这个里面现在应该被很多西方资本给渗透啦！,4662956628119913
教育不是以金钱为基础的 强烈要求“公平教育”,4662956628119913
接下来轮到私教一对一了,4662956628119913
别读书了，本来压力就大，没了这些东西啥也学不会，我是天才吗我天天听学校老师讲课我就都能学会？,4662956628119913
我非常赞同教育机构不上市这个做法,4662956628119913
以后只能上一对一了 更贵 穷人就看着,4662956628119913
太不公平了,4662956628119913
笑死，活下来的培训机构跟个大爷似的，家长能把他们捧上天，供不应求，收费更贵啦作业帮本来还能拍个解析，现在没了，又不像那些有钱人家，请得起家教。难不成天天怼着问老师？那么多人呢，老师都得忙死，下班时间说不定都会被占用。这样搞对谁都没好处，也没减谁的负担，也不知维护了谁的利益。,4662956628119913
妥，又要换工作了,4662956628119913
家教式小班授课活了,4662956628119913
教育巨头几百亿现金,4662956628119913
希望能像我们小时候上学的制度，不要搞内卷，我记得班里只有几个成绩特别优秀的作为重点高中的培养对象，学校每周六会统一安排上午半天在学校，由本校的老师进行培优，不要家长掏钱，学生想进培优班，必须靠自己努力而不是家长的钱，我觉得挺好，现在都没有了,4662956628119913
每年课外辅导就要几万，哪有钱生二胎、三胎,4662956628119913
作为一名高中生看见这个真的焦虑得不行。请问国家这么做的用意是什么？固化阶层吗？,4662956628119913
农村小县城的孩子受到的教育资源非常匮乏，师资力量也不行 ，人才都是在城市啊，补课要这么多钱，谁付得起 ，现在很多中高考的要点大部分都是补课老师才知道的，学校老师压根就不会跟他们一样，讲的这么生动有趣，有啥口诀，人家需要钱的，贫困人家也付不起啊，这就跟有钱人家的孩子拉开距离了,4662956628119913
支持！为了防止教育资本化，为了中国的教育公平，一些牺牲是必要的,4662956628119913
无语了，脑子有些大病,4662956628119913
国内不仅整个教育行业内卷过于严重，家长和学生也如此，也算是给三胎政策开路吧,4662956628119913
最重要的一点没说，双减之后是不是只考课本知识，不考超纲?,4662956628119913
我们会不会也凉凉,4662956628119913
我们八月二十三号就提前开学了，都是说不让提前开学，教育局根本就没有让学校遵守,4662956628119913
无语了 让这些在教育机构的人怎么吃饭,4662956628119913
搜题软件为什么要禁止🙊,4662956628119913
我觉得应该先把那些辅导机构撤销打击掉，穷人家的孩子，只能学学校知识，各地方教育资源也不一样，乡镇的教育哪能跟大城市比，有钱人家的孩子才能去补课 ，那些补课的老师都是很优秀的，没钱人家的孩子哪里补得起，有钱人家的孩子，天天补赶紧撤销打击掉线上线下辅导机构教育吧，支持“公平教育” 吧！,4662956628119913
这一波政策似乎有些草率了,4662956628119913
看好，上有政策下有对策,4662956628119913
有些政策的出席，不应该让非师范专业的人不能考教资么，既然改革就得全面些,4662956628119913
活该,4662954236582718
私有化退市吧,4662954236582718
哦,4662953359708563
这个商业模式已经行不通了，这种个股基本就是退市。,4662951321015818
我想问问栗总及公司各位领导们，公司一直是这样的办事效率吗？,4662950599591662
时至今日下午，王胜先生每次好不容易打通电话，给我的说辞都不一样。第一次，考虑到我的特殊情况，可以先退一部分，剩下的按966政策，说所有的退款，政策都是一样的。,4662950599591662
然后王先生又又又失联了。,4662950599591662
我是陕西宝鸡的加盟商，我是5月19日晚上签的合同，5月20日打款，5月21日向松鼠AI的代表，也就是和我签合同的人，明确提出不能继续做了，申请退款。其后一直说在走流程,4662950599591662
"接下来开始失联。第二次，不管特殊情况了，就996,开始失联。第三次，说我不同意1年后全额一次性退款的方案，挂了电话，我们的王胜先生就反悔了，说我只能是996政策，原因是我的合同补充协议里没有乙方可在12个月内申请解除协议的条款，我说我的对接人当时说合同是制式的，全国的校区都一样，我当时信了",4662950599591662
一直到6月22日，才告诉我会有人联系我，于是我又等了一周，没等到任何处理这件事的人和我联系。6月28日，她又让我联系她的上司张大伟张总。7月7日，我终于联系到了张大伟张总。之后一直和张总沟通，张总说能全款退给我，会有人和我联系。又等了12天，7月19日，终于联系到松鼠的法务王胜先生。,4662950599591662
同为教培人 从昨晚上开始就一直心塞[牛轰轰拥抱][牛轰轰拥抱],4662937786255643
小姐姐加油，因为我现在面临着你同样的状况和心境。一定会过去的，我从不否定自己对孩子们的真心，加油,4662937786255643
每次看到电梯广告上学而思的作文五步法，我就一边吐一边盼着这一天到来。,4662937786255643
别难过，你做的没错，没有人否定你的努力。政策变动是国家大方向的规划，没有人能说是好的还是坏的，只有时间和实践才能说明。你做的很好，你做的事情很有价值，只是在人口困境下，政策只能有取有得。,4662937786255643
同为教培人,4662937786255643
想说点什么，但我知道你很清醒，无论你做什么我都认同你，不喜欢考的编爱谁考谁考，你在哪儿都能开出一朵花。,4662937786255643
同是培训机构老师，本来积累了很久，觉得可以更上一层楼，让自己教的孩子得到更好的教学，结果被团灭,4662937786255643
抱抱你，时代的一粒灰落在个人头上都是一座山,4662937786255643
加油，时代洪流下的个人无奈，降低期望值，让自己开心些吧,4662937786255643
都是教育培训工作者，真的很懂你的心情。,4662937786255643
怎么了？,4662937786255643
你好，你感兴趣的“和讯网”已开通了超话社区～ 超话社区是微博旗下兴趣互动社区，快来与志同道合的小伙伴们一起交流互动吧！ 戳我进入>> 和讯网超话,4662933231766189
高管串通掏空公司，早就肥了自己跑了，哪管公司以后的死活。,4662927006895604
都是之前炒作课业焦虑的,4662925002019371
之前科翰教育从业人员，讲实话，校长直接下命令，宗旨就一个夸他孩子，然后忽悠缴费，离职后克扣工资，结果我劳动仲裁赢了，屁颠颠给我道歉,4662924766873386
凉了,4662924766873386
真的有贯彻落实吗？吃相有点难看了哦,4662924766873386
别放狗屁了也不吧唧吧唧嘴，闻闻自己刚才放的屁啥味儿？现在收钱收的挺欢啊，周末也敢明目张胆得上课了，真是死猪不怕开水烫了呗,4662924766873386
市场自有判断,4662923471099309
护城河还在，城没了。。,4662923471099309
越抹越黑,4662923471099309
我不信,4662923471099309
我买过这个股票😱,4662923471099309
拉倒吧,4662923471099309
我也开心,4662921060160279
后面找不到工作就更开心了,4662917292886613
对，还得看落实与执行,4662915061777617
能实现吗？有个过程。,4662915061777617
出政策还要有落实才好,4662915061777617
除非在高考政策上改革，小学初中改革就是自己骗自己，不管减什么还不是一样要去挤高考这座独木桥，现在偷着乐总有哭的时候对孩子有要求家长不会受任何政策的影响，该怎么学怎么学，没要求的就是氛围组的，什么政策对他都没有影响。,4662910545035891
说的好听给孩子减负只不过是缺少廉价劳动力了,4662910545035891
双职工家庭，没有老人！寒暑假让两个孩子在家看电视？,4662910545035891
@自觉遵守食堂纪律,4662910545035891
小明和小亮是小学同学，双减政策出台后，小明再也不用上课外培训班了，每天下午放学后，就在小区的院子里疯玩，而小亮放学后，他在家上一对一，中考，小明上了技校，小亮上了重点高中，三年后，小明成为了生产线的一名技工，小亮考上了清华大学。 的确，他们都有一个明亮的未来。,4662910545035891
有争议，见解不同,4662910545035891
所以因为双减政策而被动离职的员工利益由谁来保障，至今拖欠工资上诉无门，希望政府能够重视关注到一大批失业者,4662910545035891
这什么分析？高考语文要让50%的学生来不及做，这句话是谁说的，到底是谁给家长学生造成了焦虑，是越来越难的中考，高考试卷。超纲的考卷这些年还少吗？好学校的学区房天价一般的存在，普通人家的孩子初中上不了好学校，不想内卷先把教育资源平均了，学区房取消了，这是治本的办法！,4662910545035891
我也觉得 我是私立学校的 没培训机构之后我们都是请家教私教的 我觉得反而更麻烦了啊 阶级不是分化更大了吗,4662910545035891
你怎么知道普通家长听闻别人家一对一不焦虑呢？整个社会内卷这么严重，报班陪跑的家长现在仍然会报一对一的，因为社会内卷情况依然存在，教育投资的诱惑和意识整体都提高了。不能和咱们小时候比啊，咱们那一代的父母受教育化程度普遍不高，认为一个也养两个也是养，多双碗筷的问题…这是一个整体社会的,4662910545035891
还是要看根源问题，只是取消校外机构，家条件一般只能课下就靠自己，家庭条件条件好的有一对一，怎么说，就感觉两极分化可能会更加剧,4662910545035891
转发微博,4662910545035891
强烈呼吁取缔衡中模式,4662910545035891
为什么不从中高考，以及提升普通工人的收入这些本源问题着手呢？,4662910545035891
这样恐怕更不敢生孩子了，本身父母文化程度不是很高，提供不了很好的辅导，如果仅仅靠着孩子的天赋，那以后万一连高中的都上不了，只能把送去辅导班的钱留着以后给孩子当生活费了。不能这样一刀切，关键是教育体制本身的改革吧。,4662910545035891
分析的比较透彻… 感觉让学校老师做晚托后，老师也流失… 朋友在公立学校当老师，本来压力就很大，每天备课到很晚，很多老师熬得一身病，女老师怀孕了容易流产。有编制的好歹收入尚可，没编制的收入甚微…再搞托班，更多老师会转行…我旧同事说，他们老家，成绩好的出去闯了，成绩不好的留下来当老师了,4662910545035891
回归课本，考试不超纲，保持教育严谨性，考虑个性发展，承认尊重先天个体差异，才是家长翘首以盼的。职业教育更是应该以兴趣爱好作为突破口，发展多领域多入口的职业环境，规定例如空乘等专业的学历控制线，杜绝各行各业攀比学历招工的风气，建立高工，高技能给予高学历认证，确认技术工种社会地位。,4662910545035891
只要游戏还在运营平台规则不变，我们都知道外挂、氪金会破坏游戏平衡，但禁外挂首先是要保障的氪金玩家的利益，氪金玩家是平台收益的主要来源，所以所谓的公平性仅仅是针对普通玩家而言，保障氪金玩家能够完虐普通玩家才是对人家所氪的金最大的公平。,4662910545035891
能不能认真执行很重要！早就有文件不让微信布置作业可是事实是这样的吗？,4662910545035891
先不说利大还是弊大，学校不还都是在违规补课，减了个寂寞,4662910545035891
@不小心把权志龙睡了a @GuiLLotine--,4662910545035891
娃说学校老师讲课还是培训班老师讲课好，他喜欢培训班老师上课，比较有效果，现在一刀切了，咋办？对比那些学校老师资源比较好的，我们连加油的机会都被剥夺了。,4662910545035891
只要找工作难，需要学历，考编，考公务员，需要学历，就没法根本解决教育问题，没法不焦虑，没法不内卷，那个家长愿意让自己孩子那么早没有书读，只能在社会低层工作，禁止教培，家长负担岂不是更重了，还不如禁止一下网络游戏[泣不成声],4662910545035891
房价才是主要矛盾，这是社会最大的不稳定因素。教育是每个家长愿意为孩子们未来所付出的！,4662910545035891
所以呢，又有哪个学校做到了呢？,4662910545035891
什么时候关闭私立学校呢？或者什么时候全部转为公立？否则就成了阶级固化。,4662910545035891
如果任由补课这么疯狂下去。普通人在补一百元的大课，中产在补五百元的小班，有钱人补两千元的一对一，除了家长的钱还孩子时间的付出，我们得到了啥？成绩可能提升了一些，但排名会得到提升么？排名没得到提升在按百分比选拔的制度下，补的意义在哪？,4662910545035891
我是民办学校的 这样说吧 双减政策只不过让我们从去培训机构上课变成了请家教私教而已 本来中等收入和高等收入家庭都会去补课，现在只有高等收入的家庭都请家教了，这不是让教育资源更不平等了吗，减负也没有减啊我不理解,4662910545035891
我怎么感觉是更大的不公平！培训机构的存在其实可以给大家多一个选择，国家不应该阻止家长给孩子更好的教育的权利~有钱人照样读私立，请私教，没钱的却只能靠运气~双减政策表面上是为了人人公平，实际上是想斩断阶层上升的通道，让有钱的接受精英教育，没钱的接受宽松教育，从而达到阶层垄断的目的~,4662910545035891
我就想知道那些京官家的孩子补不补课,4662910545035891
上有政策，下有对策。 不能拿北京举例，太片面了。 现在的教育体制，老师教育思想已经走偏，想扳回来，难,4662910545035891
坑的还是普通家庭,4662910545035891
深度好文,4662910545035891
有没有想过我们普通人的感受,4662910545035891
#双减意见如何规范学生作业和校外培训# #双减政策的落地能缓解鸡娃焦虑吗#,4662910545035891
@酸糖c,4662910545035891
暑假寒假孩子放在哪里呢？一个人放在家里玩游戏？那请出台政策，寒暑假家长可安排一个人带薪休假在家管孩子,4662910545035891
未来可期。但目前职教太拉胯了....难以让家长信服。目前社会还没有形成“蓝领光荣”“不要学历歧视”这样的认识。,4662910545035891
特别好，期待彻底实行,4662910545035891
看到改革，突然想起了前一段时间电视剧小舍得，感觉以后教育孩子的现实写照就是小舍得里得情景！公园的帐篷，破旧的厂房将变成偷偷补课的根据地，周一到周五每晚孩子们估计要被歇斯底里的家长逼迫的晚睡早起，精神崩溃！,4662910545035891
只要应试教育在，就永远改变不了现状。,4662907410842395
从公开竞争转入地下斗法……,4662907410842395
要想彻底降温还得降低长期形成的鸡娃心里和预期，需要一个时间,4662907410842395
小时候啥环境？没作业吗,4662907410842395
这货不就是立思辰嘛,4662902764606712
国家这个政策对这些公司和行业造成巨大伤害，有点类似四五十年代反地主一样，有点过了,4662902764606712
早日倒闭,4662902764606712
先跌为敬吧,4662902764606712
投机取巧，抢学校的饭碗，不正当竞争，早改整治了,4662902764606712
当拥有巨大财富瞬间化为灰烬时是什么的心态,4662901347188917
4.9成本买了三万股，要被埋了,4662901347188917
不退市倒闭，退市苟延残喘。,4662901347188917
钱都赚的差不多了，赶紧转行吧！,4662901347188917
退市吧 文件说了不许教育机构上市融资,4662901347188917
终于等到这一天，作恶多端的教培机构……,4662901347188917
实事求是，周一涨停,4662901347188917
欢迎互动,4662899953372480
家长不淡定，成绩不好的怎么办，家又不富裕的,4662897110682614
谁还记得当年茅台3000目标价,4662877300458426
境内外资本采用互联网平台模式，先砸钱，再垄断，最后图穷匕见大提价收割全国人民。,4662877300458426
教育科技是啥,4662877300458426
这种一刀切的政策不可取。我国和国外各种大环境都不一样，孩子进职高的风气绝对不能对标国外职业大学或社区大学，好转也不是一朝一夕的，可能要牺牲一代人。,4662875945700966
我一直以为高中是都能考上的，然鹅我错了，慢慢才知道原来有一半淘汰率，后来邻居跟我说，广州市区淘汰率也有70%。然后想起我读书的时候，学校分了尖子班三个，一个班50人，基本上都上了高中。但我忘了还有七个班的普通班，大部分人都没考上。如今内卷这么厉害，都开始鸡娃，大人小孩都好辛苦。,4662875945700966
是啊，唉，现在觉得家里有老师真好,4662875945700966
你想听听我的故事吗,4662871911303412
社会学家•谭老师,4662871911303412
谭老师进化 当代鲁迅谭老师,4662871911303412
这种一刀切的政策不可取。我国和国外各种大环境都不一样，孩子进职高的风气绝对不能对标国外职业大学或社区大学，好转也不是一朝一夕的，可能要牺牲一代人。,4662865405937447
看开就好了，儿孙自有儿孙福，劳动最光荣，别人混吃等死享受你一辈子挣不到的财富憋心里不平衡就行,4662865405937447
政策落到实处的后果就是私人家教价格升高富人请私人家教穷人靠自学能力,4662865405937447
现在真的就是且看且珍惜,4662865081930745
总之，被夹被限没有理由。,4662865081930745
确实好辛苦，加油,4662865081930745
好想看啊……,4662865081930745
跟谈不谈政策不好没有关系，算法屏蔽的，又不是人工审核,4662865081930745
我属于85后老阿姨了，二胎坚决不考虑，经济尚能承担，是真的没有时间和精力。,4662865081930745
现在生育主力军都是90后，我也是90后，我身边的朋友没有愿意多生孩子的，没人带，太累，影响自己的职业，以及非常重要的养孩子成本太高太高，尤其教育成本我本人有两个孩子就已经非常累了，第三个没想过除非我老公一夜暴富有时间有金钱，才会考虑吧,4662865081930745
唉,4662865081930745
嗯，不合时宜。人民考虑的太多，国家容易有压迫感。,4662865081930745
适宜不适宜又是由谁来判定呢？微博有什么资格来判定呢。,4662865081930745
不可能要二胎了，一胎压力就很大，父母都上班，我自己要请育儿假带孩子,4662865081930745
这几年只能唱山歌,4662865081930745
感觉微博根本听不到什么其他声音了，基本都是一个样,4662865081930745
可能是没给x浪钱的问题,4662865081930745
能把博文截图发微博吗？有些博主这么做,4662865081930745
大朝鲜特色，让人民做哑巴,4662865081930745
写成图片倒着放就不会被限流屏蔽,4662865081930745
最近好多平台都这样，感觉就是在偏面维护党政，难道老百姓的真实困难都要隐瞒了，一味歌工颂得,4662865081930745
唱支山歌吧,4662865081930745
睡觉吧,4662865081930745
英语舞台剧话剧属于学科类吗,4662862285112716
@qd风轻云淡999：正规机构都遵纪守法，越是李沧区虎山路27-66/67号金博得教育这种小作坊胆子大，正大光明挂着那么大的“小初高文化课一站式辅导学校”，没证还敢叫自己学校？！没人管吗？现在还正常招聘老师，偷着辅导课，还宣传有在职一线老师，越没证越不怕查啊！,4662862285112716
三胎政策？ 国家教育事业的发展，刺激家庭教育需求的提高，从而增加抚养费用，起到控制生育率的作用？,4662846376381832
你跟我说拍题下架，那我有什么不会的题你来开直播和我们讲？真无语，明明教育资源已经不平衡了，还要这么搞,4662844858043732
早就应该杀杀这股风气了。都在赶超教学，孩子受不了，老师受不了，家长也受不了…内卷的厉害。这一代人长大之后，没有多少童年的欢乐可以回忆，从懂事起就生活在竞争之中，吃相相当难看，性格、心理很容易变态。,4662844858043732
我直接无语,4662844858043732
那是你没看过广东的中考数学试卷,4662838603547752
不难怎么拉分数，都上吗,4662838603547752
拍图搜题是真的好用,4662834891854665
波哥你19买的中公股票怎么样啦…,4662834891854665
做成年教育,4662834891854665
并不,4662834891854665
艺术类培训班应该还好吧？。。。,4662834891854665
富人：嘿嘿，我请家教,4662834891854665
我真是醉了....51不是上不了...不补课？非要我们一对一吗？那不是花更多钱,4662834891854665
会不会1对1的家教老师的时代来了，这样更是伤不起啊,4662834891854665
@鹿鹿鹿鹿七七,4662834891854665
作业帮最恶心 早该这样了,4662834891854665
怎么转？不收费？,4662834891854665
直接团灭啊 波哥能偷图不,4662834891854665
这是为老师取消寒暑假铺路呢,4662834891854665
不管用呀，我们这初升高的衔接班上的热火朝天,4662834891854665
波哥，我在的辅导班是辅导高中的，是不是也不能在周末节假日期间辅导学生,4662834891854665
为啥我们这里现在培训机构搞得风风火火？每天学生挤得爆,4662834891854665
培训机构确实需要整治，但是请不得起家教的普通家庭的孩子想补课时，又能去哪里补课呢？过去大部分孩子都是在中小培训机构补课，现在条件一般的孩子没法卷了，有条件的孩子仍然在卷，那么条件一般的孩子在应试选拔的机制下，如何比得过有条件的孩子？,4662834891854665
对私立学校没有多大影响吧？,4662834891854665
我们这里的培训机构的对策就是周末不补课，周中补，就是周一到周五的晚上，好老火，现在延时服务，本来学校就放学晚，然后晚上再上培训班，孩子好累嘛,4662834891854665
拍照搜题用的好的话很有用啊，不可能题题都问老师吧，节约时间，很多老师也用搜题，啊这..,4662834891854665
@Yvonne冲冲冲呀,4662834891854665
开始通过教育给社会分层了吗？,4662834891854665
我自己花钱买课还不行了嘛,4662834891854665
掌门一对一呢？,4662834891854665
有点担心会不会中小机构资金不足，退不了费，直接跑路啊,4662834891854665
没关系，我准备自学小初高，考验考公知识教我儿子,4662834891854665
没有落实有什么用,4662834891854665
阶级要固化了 表面上是减负 实际上有钱人都会请家教,4662834891854665
这个对公务员培训，职业教育培训应该没什么影响吧,4662834891854665
这图推不能拍图怎么解,4662834891854665
上有政策下有对策,4662834891854665
波哥，看我私信,4662834891854665
所以之前买的课要退吗？,4662834891854665
粉笔华图呢,4662834891854665
在线网课也不可以了么？,4662834891854665
可能是为学校托管铺路，校外的送不去了，人又自己带不了，那就只能往学校送了,4662834891854665
加大审批、堵死准入，这是认为增加政策壁垒，利好有证且转型成功的教培机构，以后每个地区可能就几家垄断了啊。,4662834891854665
真的要团灭了,4662834891854665
美术类培训监管吗,4662834891854665
我是培训机构的老师，支持该政策，现在的内卷太严重了，想了解一下，是试点城市实施，还是全国施行呢？,4662834891854665
那么境内的外籍教师咧？有些在国内开的外教课程会不会被灭掉？,4662834891854665
转发微博,4662834699436805
@十年十倍好基友: 正在落实，举报了就会被抓，目的是降低养娃成本，解决国家大计：生育率下滑的问题。房价也在控制。 降低养娃成本的一系列政策正在加速出台。从事相关培训的人需要认清形势。,4662834699436805
目前还有很多这些情况，什么时候才会真正落实,4662834699436805
今天地产、医疗、医美、白酒、保险、汽车等概念也大跌，就是担心政府出台类似教育培训垂直核打击政策。不能怪A股敏感，只能怪中国极左的政策，历来是一脚油门、一脚刹车。,4662832500839781
我赞同你的观点。今后，凡是影响新生人口增长的都会被政府“打压”。高层已经意识到：人口结构严重失衡将影响到未来中国的经济和科技发展，甚至是国防建设。,4662832500839781
房地产泡沫才是出生率断崖式下跌的根子，其余都是毛毛雨。,4662832500839781
一边减负，一边拽着一批15岁学生50%分流职高。多造人，多快乐教育，大力发展技术工人。湖北十堰中专生被逼进厂干活，跳楼自杀的事情才过多久？职业教育办成什么样子？还美化职业教育呢。中考高考还是那张卷，还是一样的名额，不让补课无非就是用社会主义重拳禁止一部分人参与竞争了。,4662818898969350
把游戏也禁了吧，把物价调低！牛奶奶粉尿不湿不超利润的百分之5,4662818898969350
教育说公平。就是滑稽。,4662818898969350
实施了吗，现在还在搞的找谁管,4662818898969350
都优秀了，谁给有钱人的子女打工啊，你们以为谁在去叫着双减啊？一定是钱包鼓的可以请一对一家教的，这样他也能少花点，他们家孩子也不至于那么累,4662818898969350
双减政策利好的是什么，没错，是网络游戏,4662818898969350
人权是越来越没有了,4662818898969350
默默关注着,4662818898969350
@来来从此以后__,4662818898969350
支持国家的改革啊,4662818898969350
这个想法太棒了，支持国家改革,4662818898969350
开头的节奏太慢，实在看不下去。,4662818898969350
主持,4662818898969350
不怎么理解这种政策,4662818898969350
加油,4662818898969350
支持国家的教育改革,4662818898969350
一句话解释:不能让下层阶级这么轻松的获取教育资源,4662818898969350
好多评论都好激烈啊说这个政策是因为某些人觉得打击教培就能让教育更公平、发展得更好。面对“好”“公平”这样的形容词，关键就是怎么界定：什么是好？对谁好？国家出台政策，那肯定得是对国家好，国家觉得什么是好呢？能帮助筛选出国家需要又欠缺的有创造力的“天选之子”和有执行力的工人,4662818898969350
现在学校的老师比教育机构更应该整治，上课不好好上，下课去搞补课，说是补课，就发一张卷子大家做，做完一起说答案。md一群神经病，自己小时候成绩一般，现在加倍的把自尊用金钱赚回来。,4662818898969350
吴老师的直播来啦！,4662818898969350
那是不是小学去私立会更好呢,4662818898969350
从来没觉得体制内的教师相比家长孩子强势，不知道这结论怎么来的。,4662818898969350
了解了啊,4662818898969350
我们这边每学期300元,4662818898969350
不知道,4662818898969350
蹭热度,4662818898969350
吴老师的头发是拉直了吗？,4662818898969350
不是教育部的政策,4662818898969350
马克一下！,4662818898969350
我准备卖掉一套上海房 一对一全科补课去,4662818898969350
支持改革，支持吴老师,4662818898969350
xswl,4662818898969350
#双减意见如何规范学生作业和校外培训# 支持国家改革！势在必行～,4662818898969350
拼天赋的时候到了,4662818898969350
。。,4662818898969350
一直要有一个方向，不管有什么改变，做好就行，朝着方向前进。,4662818898969350
所以想法很重要,4662818898969350
不是抢跑，是学校教育吃不饱！空闲时间难道去玩网络游戏么？,4662818898969350
有课代表吗,4662818898969350
双减，原本培训还能接受的，之后都一对一了 ，费用更贵了。,4662818898969350
微博2年实现80万粉创作者，国家一类出版社图书主编，两次名校裸辞，实现经济自由，助力老师们转型。欢迎联系，工作微信：yuwenyizhan16,4662818898969350
太期待啦,4662818898969350
房价才是主要矛盾，这是社会最大的不稳定因素。教育是每个家长愿意为孩子们未来所付出的！,4662818898969350
快乐,4662818898969350
有些话说的有失偏颇,4662818898969350
不是教培机构的，他们的生死你又不懂,4662818898969350
跳靓,4662818898969350
不错啊,4662818898969350
支持改革！,4662818898969350
恭喜你的博文进入推荐流教育频道曝光~持续沿着垂直领域方向创作，获取更多流量，详情见兴趣话题创作宝典（一）审核规则揭秘,4662818898969350
支持,4662818898969350
说的逻辑是：限制培训行业，就能解决好多教育问题似的？这行业影响力有这么大么？好的，坏的，影响力有这么大么？,4662818898969350
双减，强盗zc,4662818898969350
建议加字幕啊,4662818898969350
感觉不错啊,4662818898969350
双减政策更新啦！预告大家一共三期。一起同步留言区讨论。pick大家留言。,4662818898969350
我觉得还应该取消小学阶段所有考试，什么期中期末考试，单元测试………,4662818898969350
说白了。就是每个行业毕业出来后，钱都很多就完了。家长就不会让小朋友都死命地去学，说起来简单，做起来就难。中国本来就人工低，大部分行业注定又累钱又少。这并不是我们国家能够去改变的，我觉得这种急功近利的方法使不得。而是接受事实，更好的去完善福利制度。想要完全去改变根本完全不可能,4662818898969350
这样的开头？感觉都不在状态。很多人划到后就划走了吧,4662818898969350
还会继续录制下一期，大家可以提出自己不一样的看法和见解，我们下期一一回复探讨。,4662818898969350
应该鼓励开更多的新东方，并让私教可以高考,4662818898969350
讲道理，现在小孩子如果假期没有辅导班，你们猜猜他们会干什么？家长上班，小孩子从早上打游戏打到晚上。,4662818898969350
不是教育部的政策，是中央、国务院的政策,4662818898969350
没错！根本原因是高等教育资源有限！,4662818898969350
你好，你感兴趣的“腾讯新闻”已开通了超话社区～ 超话社区是微博旗下兴趣互动社区，快来与志同道合的小伙伴们一起交流互动吧！ 戳我进入>> 腾讯新闻超话,4662818224476216
那，是不是将来初中毕业文盲也能包安排工作？不是的话就免提 有病吧,4662813753346999
图崩了,4662803903812706
咋了？？教育行业咋了？,4662801770220394
你好，你感兴趣的“职场”已开通了超话社区～ 超话社区是微博旗下兴趣互动社区，快来与志同道合的小伙伴们一起交流互动吧！ 戳我进入>> 职场超话,4662801770220394
政策一下来，最惨的就是打工族,4662801770220394
咋了,4662801770220394
滴滴出事那几天，已清仓中概互联,4662801770220394
是真的，变天了,4662801770220394
天呐 太难了,4662801770220394
教育行业咋了(ﾟOﾟ),4662801770220394
幸运的提前撤了，没想似会这样的……,4662797160416518
优质资源公平，公开。,4662795007690230
教师的女性化、性别比失衡，是教育问题的源头还是结果？,4662795007690230
其实没作业家长更担心。网络上啥都有。家长不上班吗？,4662795007690230
减了校内作业负担，必然挤爆校外培训，这是10多年的切身体会。双减，即使百姓做得到，省部长们、先富们的子孙恐也做不到，有钱有权的会甘心情愿地让子孙中考高考读职中职高吗？学费成为房子以后的第一大消费，想限，难。我在继续看。,4662795007690230
要减希望能都减，别只中小学减负，然后中考孩子只能去职高，不是说职高不好，但作为家长肯定希望孩子能更好。,4662795007690230
此刻我一边在新东方打工一边希望它倒闭，这样我下午不用上课了,4662794181936936
不要光看眼前的东西，一旦资本的力量聚集，下场就是美国私有化教育的解决。对于我国绝大多数老百姓来说，就是灾难！,4662794181936936
这个是啥倡议啊,4662794181936936
果然何时都不能站在政策对立面,4662786506883649
大家想一想：西方国家刚出产幼童上第一课就是它们的历史、地理，道德课等，而我们一睁眼就就是数理化为了挣大钱，直不就奔何资本主义大道，所以为什么每年有十万人走向西方世界呢！,4662778494977158
这事关键是有对比啊，老谋子宁可被罚款不也没出去么,4662777333942940
橄榄尖的金字塔，或许会更加凸显，因为你阻止不了拥有众多资源的塔顶尖的家庭继续进行各种教育培训；而中产及以下，孩子以外的因素，只能靠父母自己——父母仍是孩子的起跑线。,4662777333942940
顶层不在双减政策打击的范围内，中产不在双减政策的保护内。应该说，双减就是为了保护顶层的利益，打击中产的利益，给底层更大的上升与流动空间。,4662777333942940
他红不红都不影响他的人生比很多人起点高了,4662777333942940
底层无处可放的怨气,4662777333942940
欧医生说的都很好，但他还远远不是顶流,4662777333942940
他走得不是导演路线，而是讨人喜欢的流量明星路线，所以和公众沟通是很重要的。没把握好现在的舆论趋势是追求公平，是偏左的，还仿照欧美日本营造高高在上的精英感，是肯定会被唾弃的。,4662777333942940
吴亦凡倒了他要接吴的资源吧，已经有人喊他是吴的平替了,4662777333942940
人生本来就不公平的，起跑线就不会是一样。我觉得很正常,4662777333942940
就是逐梦演艺圈那个？,4662777333942940
这样看郑爽代孕其实也没啥毛病，人口与计划生育法也是法呀,4662777333942940
问题在于为何有这种制度？对自己人狠而优待夷人？,4662777333942940
对教育不公平、对顶流资源腾云驾雾的厌恶，说的没错，还有一点，拥有这么强大的父母资源，他自己本身却还是平平无奇,4662777333942940
与张艺谋的人品和鸡贼高下立见,4662777333942940
雪中送炭远比锦上添花更加可贵。更何况添的是不是花还不知道,4662777333942940
因为他有剧要上,4662777333942940
所以总体来说，还是我们做父母的没本事,4662777333942940
这次双减就是头痛医头脚痛医脚， 没有培训的话传统名校优势会更大，学区房还要火爆,4662777333942940
所以起点很重要,4662777333942940
欧老师什么时候丁香园上新课程,4662777333942940
投胎绝对是技术活,4662777333942940
个人猜测，他并没有在美国走退籍程序，或者没走完。中美两国都不承认双重国籍，实际操作是不承认对方国籍，承认本国国籍。,4662777333942940
说入籍就能入籍？我国入籍门槛挺高的啊，难道他之前都是双国籍？,4662777333942940
对顶流资源腾云驾雾的厌恶,4662777333942940
还是中国式淘汰教育的锅，国外发达国家基本都是合格教育，白领蓝领工资水平都差不多，法国只要工作最低工资标准1万2人民币，都是妈生的生而平等，每个人都有体面生活的权利，赢者通吃只会贫富差距越来越大，整个社会也是更焦虑。,4662777333942940
人家🈶️好爹妈啊,4662777333942940
我们田老师的课程会有影响吗？,4662776398612817
我觉得挺好的，大方问没问题,4662770388173705
可惜依然不能停止内卷，因为教育公平不仅仅是这些，好的学校依然提供更全面的服务，差的还是差的，，比如各位所在地的好的机关幼儿园，以前是配套各种丰富的教育项目，现在依然还是，所以有些老人总说，挤破头去机关幼儿园，看似多花了买路钱，实际是少花了儿童教育培训费。,4662770388173705
不知道甚至说话有用吗？首先是高考超纲，高考不超纲，大家还补什么课？,4662770388173705
一对一,4662770388173705
以前能花钱解决的事情，现在需要家长自己学完再去教孩子…还好学一次可以教三个孩子,4662770388173705
会出现线上家教平台，撮合家教，同时还会出现利用该平台上门卖春的情况。,4662770388173705
再不管，穷人更没机会上好学校了,4662770388173705
我们这不去培训机构，都私底下偷偷的在自己科任老师那补的,4662770388173705
有钱的回家照样请家教，没钱的请不起，加剧贫穷人更无翻身之地,4662770388173705
知识产权,4662770388173705
不改中考高考，根本没用，实质还是没变,4662770388173705
还有人在那里扯辅导对成绩有没有影响，我都怀疑这些人是不是在用大脑思考？,4662770388173705
微博曾经反反复复不间断地推送央视前女主持人张母知的作文课广告，能把网民烦死。,4662770388173705
高考还是上升阶梯吗?高考还比分数吗?是要通过让更多人觉得卷也没用，卷都卷不起来解决内卷吗？,4662770388173705
没有校外培训反而会增加家长负担，比如奥数，以后是要自己教吗？,4662770388173705
太棒了！~,4662770388173705
转发微博,4662770388173705
普及高中有那么难吗,4662770388173705
尽管周一的股市可能面临补跌，可还是支持这样的文件出台。众多家长和孩子苦于内卷式的培训辅导久矣！,4662770388173705
呵呵，只能呵呵,4662770388173705
行不通的！,4662770388173705
我都想好了，自己和孩子一起学，缴他，真请不起一对一。,4662770388173705
长远看，肯定是对的，办法和政策，只能慢慢摸索,4662770388173705
不是堵的问题 家长有个问题没明白 这个孩子数学不行 那就不行呗 变成行的概率很低 那就再生一个就有改善的可能 也可能更差 但没必要逼着孩子 补这补那,4662770388173705
快乐教育吧 傻子才这么做,4662770388173705
很难不支持,4662770388173705
很多人对辅导班有误解，好像上了辅导班和家教就能提高成绩，那是扯淡。家教私教这些东西90年代就有，谁见过靠这些东西上名校的。现在你之所以觉得辅导班有用，是因为他们和学校勾结，让学校采用了他们的评价体系，所以你不上他们的课成绩就不行，这就是一种绑架,4662770388173705
学学私立学校，想校外没有时间,4662770388173705
什么时候北京山东录取分数线线一样了我就信他个鬼。,4662770388173705
要提供更多的公共生活娱乐空间。小区配套的娱乐健身休闲，太少了。落下的，应该补起来了,4662770388173705
教育要拿在自己手里，不能放在资本手里。,4662770388173705
话说回来，反对教育产业化肯定是没错的，但现在的这些教育风口，其实一大半都是教育部自己制造出来的，根本矛盾不在于校内留堂还是校外培训，而在于应不应该这样减负，或者说可不可能真的减负，别最后把教育培训搞成像黄赌毒一样的黑产了。,4662770388173705
还是有疏导的，比如课后服务、网络免费课、、、,4662770388173705
义务教育阶段而已，高中就不管了是吧,4662770388173705
关键不是教育质量垄断吗？教育资源不均衡引起的焦虑，学区房怎么不整治，现在农村，乡下哪有好的小学，初中，一个县高中连本科都没几个，你说家长焦虑吗,4662770388173705
教育培训,4662770388173705
治水光堵有用么？没用的。以后家长请一对一辅导，负担更大。整死几家公司，出来无数游击队。,4662770388173705
整天教考试方法的，是培养不出一流人才的，教育体系已经是应试教育了，你还要想方设法增强学生的应试思维，这样的家长不是有点傻吗？个人经验，所谓培训班一点用没有，就是凑个热闹。一流人才更主要的是个人的品质，专注力，坚韧度，等等。这些才是需要家长去培养的。,4662770388173705
看来穷教书匠的命运依然不能改变,4662770388173705
…,4662770388173705
失败的教育！,4662770388173705
因为教育应该是非盈利性，现在教育机构都要上市了能不搞它？,4662770388173705
教育体制内学校是否是好东西是否给予了孩子们可信赖可学懂的好东西？,4662770388173705
对头,4662770388173705
最终的目的，是让老师用心的在学校教学，而不是把孩子推向辅导班。好事，就看实施了。,4662770388173705
什么时候去医院能花少钱是真的。去一次医院。一个月的辅导班费用就划走了,4662770388173705
一堆nt在那里在意什么教育升学内卷，国家才不会在意你们孩子有什么用能不能活，国家现在要的就是廉价劳动力，底层工人,4662770388173705
治标保本！有个der 用？！,4662770388173705
高价托管班雇学霸老师义务讲题,4662770388173705
说白了吧 就是人才不靠拿钱堆 还是要靠基因突变生出来个高智商的才行,4662770388173705
为了生育也是醉了，大头是房子吧,4662770388173705
年轻人不生孩子，成本压力大，不是教育支出引起的，房价和收入什么时候均衡过房地产这么多年让老百姓怨声不断，解决好住房，各种税率，能给大家节省出多少生活成本,4662770388173705
网课是真的打破了教育不公平问题,4662770388173705
希望能往良性循环的轨道上发展。,4662770388173705
网课至少还降低了费用，线下课成本更高，而且还催生一大堆私教,4662770388173705
总有人的利益要被牺牲,4662770388173705
举个栗子，新东方教出来的学生上了大学，转一圈又回到新东方教学生考试，想想都讽刺,4662770388173705
脚痛治鞋,4662770388173705
其实校外补课更多是为了培优呀，现行的学校难度与考试难度不匹配,4662770388173705
实施了没有，怎样举报,4662770388173705
主要打击的是教育生意化和产业化，你想想做教育的公司都上市了。,4662770388173705
教育市场化就是以后的发展目标。但最大问题：市场化的教育需要避免外来反对势力的教唆。如何规范教育市场化不是说怕私有资本控制使得人民教育成本增高，而是不好管理。,4662770388173705
怎么不彻底禁了黄赌毒,4662770388173705
最根源是体力劳动者不足，流水线，建筑工地缺工人了。,4662770388173705
教育培训逐利就是不对的,4662770388173705
反对的只有三类人：1、教育行业创业者；2、既得利益者；3、穷而且还憨的人,4662770388173705
侧面上说明了上层对尘步掌管理的不满？,4662770388173705
举双手支持！,4662770388173705
先把掐尖的学校关了,4662770388173705
私有化，私出千万富翁老师。,4662770388173705
只限制境外的外教，不限制境内的外教,4662770388173705
升学政策不变，怎么搞都只会让内卷更严重，没钱没关系的，以后想给孩子提升下都不行，有钱有关系的，一样能找到地方上课。阶级分化更严重，想多生孩子，减少这就行啦,4662770388173705
打击三非外教，举报人人有责,4662770388173705
只是这个柿子软,4662770388173705
房价高，教育花销大，学区房起很大作用！如果达到教育资源均衡分配，， 中考高考也不再激烈竞争，家长焦虑学生压力等问题，自然不复存在…教培机构也不会猖獗 治病找根 才是药到病除💊 这是值得深思的问题。,4662770388173705
辅导班可以管，家长自己辅导自家娃谁会管呢？爸爸辅导孩子就是义务的。 有能力有时间辅导自家娃的人有优势了。,4662770388173705
能不能取消重点中小学？？重点中小学的老师能不能统一平分到其他普通中小学？？中小学归市教委统一管理，全市统一招生？？中考能不能全市统一招生？高考能不能全国一张试卷，全国统一招生？？公务员招聘能不能带头拿出一些岗位禁止招本科及以上学历？？ 这些都做不到，义务教育减的负都是将来要还的债,4662770388173705
不反对但并不看好，因为路窄了选拔更窄，会更焦虑！,4662770388173705
政策好。落实更要到位。有人拿韩国例子，说明落实的重要性,4662770388173705
有点为了降低二胎乃至三胎的教育成本，公平点，干脆都不准报校外培训机构,4662770388173705
政策都看不懂，上来就说堵。一看就是相关利益者,4662770388173705
把一对一培训当成嫖娼一样抓可以吗，抓到就罚款通报单位。,4662770388173705
轉發微博,4662770388173705
催生私教，隐秘而暴利,4662770388173705
笑死了有本事别考试,4662770388173705
好！,4662770388173705
黑市教育该上场了,4662770388173705
打击的好。外资渗透的太厉害了,4662770388173705
支持，课外辅导比学校教育到底好在哪里，谁知道啊。大部分家长都是被忽悠的，是把责任往孩子身上推的，反正家长花钱了，学不好就是孩子自己的责任。,4662770388173705
人才选拔机制有问题 都是一张试卷解决。所以大家玩了命的钻研试卷，这就没办法了。而且这种机制适合安静而早慧的孩子，那些发育晚的，动手能力强的，注定在升学道路上更痛苦。,4662770388173705
我觉得国家可以出一个直播软件，所有在编教师可以登录直播，学生可以在假期线上听课，也不至于让老师失去应有的假期徒增抱怨，而且管理方面的成本也低很多，义务免费的那种。比逼着在编教师去学校上课好的多,4662770388173705
挺好的政策，不要上来就说既要治标又要治本。偌大的国家不容易。,4662770388173705
我在想，以后孩子没地方补课，父母要上班。让孩子在家里为企鹅做贡献，天天手机不离手，王者荣耀吗,4662770388173705
绝对不能市场化，产业化！,4662770388173705
住房整顿，教育整顿，下一个是谁,4662770388173705
逃生出口不放大，这不是加剧内卷吗？,4662770388173705
外籍教师不行我就觉得，emm ……孩子现在学英语，就是为了锻炼听说才选择外教网课的。如果不让外教教了，那意义就不大了。就像外国人想学好中文，他是应该找中国老师练听说呢，还是应该找一个他自己国家的中文说的不错的老师学，而这个中文不错的老师不错到什么程度算好，屁民又凭啥找得到🤷‍♀️,4662770388173705
加油，看看为了鼓励生育还能有什么别的福利不,4662770388173705
课代表总结重点了,4662770388173705
大方向對了，細節還要摸索,4662770388173705
线上的外教课……还能进行么………,4662770388173705
中国能把市场经济的边界划的适当了就已经赢了半个身位了,4662770388173705
有的人出生在罗马，有的人开私家车去，有的人坐公交车去，公交车大家说票贵，太挤，于是取消了公交,4662770388173705
一个非英语母语国家的外国人随便都可以在国内做英语外教，这个是个病，要治6. 外国人搞什么一对一英语教学不行。现在一堆外国人，很多还只是发展中国家的非母语的，跑到中国靠英语混饭吃，其实屁用没有。,4662770388173705
高考全国一张卷，统一分数线实行一个看看,4662770388173705
韩国搞过类似的，结果那？自己查,4662770388173705
可是，家长上班本来就很累了，回到家里还得辅导孩子，有些家人知识面根本达不到，每个孩子都想考的更好一些，这样一刀切真的合理嘛？,4662770388173705
抓紧生三胎吧，国家替你们着急,4662770388173705
呵呵呵，真正的在房价，两室的生二胎睡哪，真正的问题无人解决呢,4662770388173705
非营利可不是这个意思，建议百度后再出来解读,4662770388173705
我很支持，这样家长就会有时间陪孩子，出去转转见见世面,4662770388173705
网课会停吗,4662770388173705
逼疯孩子，逼空家长的钱袋是得改！不知道一对一之类私教会不会如春芛般冒成片,4662770388173705
嗯,4662770388173705
@阿咕咕_阿咕咕 感觉学区房要被整顿,4662770388173705
我们这私立高中全面碾压公立。,4662770388173705
辅导班爱上不上，上的就自己学，不上的也别酸。啥都有好有坏，有的孩子在学校“吃不饱”就要出来找老师在学，这很正常。,4662770388173705
其实中央都看到了的，但是，地方的部门措施没跟上或者执法力度没跟上。,4662770388173705
为义务教育教师流转发声！强烈支持义务教育资源公平化！,4662770388173705
恭喜您此博文参与热点话题创作，已被收录于创作者中心优质创作日榜，持续稳定地专业创作表达有益于账号影响力的提升。去看看：网页链接,4662770388173705
老师在区域内抽签轮流换学校教学，教育资源平衡,4662770388173705
教育才是真正的万年大计，这个政策及时。,4662770388173705
学校能搞定，就不会有这些生存的空间！本末倒置！,4662770388173705
房价和就业才是最该整治的,4662770388173705
好事情,4662770388173705
教育部的蠢猪,4662770388173705
唉，作为家长这话听了不知道多少年了，结果就是孩子作业越来越多，课外班越发茂盛，老师补课更是肆意妄为。,4662770388173705
"老师在家开小班咋禁？大叫一声“XXPD""，破门而入？",4662770388173705
外教那个只是国外的别来,4662770388173705
兴趣培训更花钱，相对于学科培训来说也更不公平,4662770388173705
成绩不好就容易被分流…,4662770388173705
中考高考不还是存在 录取的人数又不会变多,4662770388173705
兴趣班也很烧钱，还有打个各种名义的早教班，思维班之类的也很多！,4662770388173705
看下贵州，外国人满勤奖励旅游！丢不丢人,4662770388173705
教育局马上把游泳、武术、美术、舞蹈课列入必考科目，家长排队报名,4662770388173705
有道理,4662770388173705
一个新的法规，不用问问人大吗？不用社会进行论证吗？,4662770388173705
全民培训，最后还一样，因为水涨船高！所以最后还是培训了个寂寞！,4662770388173705
问下国家为什么不打压培训机构外派老师，比如日语外派老师！学校跟机构合作，收高达几万的学费，学校和机构沆瀣一气，难道这就可以吗？！,4662770388173705
“怎么管还说不清，但是现在这样是不行的，先整顿校外培训”这句最实在,4662770388173705
有钱人家，可以周末请一对一家教，没钱的还想继续进步，就只能让孩子周一到周五去上学科辅导班。,4662770388173705
这好办，不让学科培训，买美术课送英语课,4662770388173705
失业怎么解决,4662770388173705
你看 教培@啥都不能用改啥,4662770388173705
太多了，好好搞，利国利民！,4662770388173705
以后老师可以安安心心开小班了,4662770388173705
很多学生资质就摆在那儿，说实话上辅导班也考不到一个好成绩,4662770388173705
考题少数点怪题偏题超范围题比啥都管事,4662770388173705
教育成本和房价成本相比相比，只是九牛一毛。,4662770388173705
取消户籍制度，一切根源解决,4662770388173705
教育本质就不应该是市场经济,4662770388173705
考试分数不再那么重要了，孩子们有更多成功渠道，才可能降低焦虑。,4662770388173705
下半年还有一个政策，教师异地轮岗制，彻底碎片化教育资源。教师提薪了，福利提高了，安排去哪就得去哪无可厚非，学区房，不存在。快乐教育，不存在，教学大纲没变，还是中国式全民精英教育，小学一年级还是要背乘法口诀表，没变，不用担心。少部分人超精英教育，可以，那得像做贼，时间久了也尴尬。,4662770388173705
这样一搞老师偷偷补课的更多,4662770388173705
有这三样不能市场化，学校、医院、法院。,4662770388173705
今年刚上初一，刚刚报到老师就推荐补课班，是这个社会病了，还是什么？,4662770388173705
懂个几把 字都不会认,4662770388173705
教育，相对公平吧，反正有需求就有市场。但教育能花多少钱？压死中国人的是房子吧。买不起系列。,4662770388173705
说一套做一套，无可奈何,4662770388173705
记得小时候做作业半个多小时，其他时间可以随便玩，那时候多有童趣,4662770388173705
我只知道辅导班若停了我心里慌了一批,4662770388173705
我就是教培行业，在三线城市，我们自己员工都很焦虑，经济不行只能去按区域划分的公立学校，结果又是非常差的小学。班级里第一名在其他学校都只能中间，只能课外补，家长也没办法啊,4662770388173705
行业博弈。一边是高企的房价，一边不让老师赚钱，结果就是把优秀人才从教育培训行业赶走，拉低整体教育水平。,4662770388173705
民办义务教育会更火吗,4662770388173705
老师私下教收钱更可怕，一节课三五百，而且还要求着才给你上。,4662770388173705
真有钱还能出国 //@该昵称已经被抢注:真有钱的人还是可以请私教，先把中产阶级的路堵死再说。//@风林采火310 :转发微博,4662770388173705
哈哈，看成XJ教培中心啦,4662770388173705
现在很多小辅导班，是轮流在学生家里举行，每次一个老师辅导几个学生，一小时从300到50各种价格都有。残酷的中考分流依然存在，这种价格的辅导，普通老百姓会不参加？基本常识都没有,4662770388173705
如果我们还是以中考高考分数来对学生进行分流，那么家长一定会拼命的想办法帮孩子搞分数,4662770388173705
国家这个政策不会有好结果的。但是国家嘴大，错了也不会承认的。生孩子黑谁贡献呀？,4662770388173705
香港惨剧让国内清醒了,4662770388173705
你自己想吧,4662770388173705
适应,4662770388173705
这回看懂了。可别解读错了啊？#教育# #环闻网#,4662770388173705
可以少花钱养孩子，生孩子不是让他优秀的，可以当韭菜就行,4662770388173705
外国人过来搞英语培训就是敷衍了事和忽悠忽悠我们中国人，这种培训机构应该不能忽悠中国人@央视新闻 @人民网,4662770388173705
可怜的老百姓都是实验室,4662770388173705
给家长带来教育焦虑的不是校外教辅机构，而是中考、高考的淘汰率呀。。。哪位家长想让自己的孩子搬砖？,4662768580430297
说到实质上了，重点是如何消除全民焦虑的问题，焦虑解决不了，一系列的问题都会发生,4662768580430297
两极分化会更严重。,4662768580430297
没有错，只要还是唯分数论，家长和孩子就还是要为了成绩焦头烂额。,4662768580430297
补课真那么有用吗？以后政府提供优质网课，中考难度降低，如果这样还学不会，花钱补课就可以上重点高中吗？,4662758451184650
现在不需要这么多大学生，缺的是职业技工，平头老百姓的娃如果没啥天份，被分流去职校的可能就很大，而且就算想学，也没有途径补课了,4662758451184650
去工厂打工，工地搬砖吧。国家也需要有人做这些职业,4662758451184650
普通孩子本身可以上个普高 这可好 外面不让补 离教育局最近说的50%分流进的职高又近一步了 总结就是：不能让中下层阶级这么轻松的获取教育资源。但很多中下层家长还那么开心。明星天价片酬放任不管，干嘛砍掉教育成本。国家层面考虑问题和家长对自己孩子是否可以不进风气很差的职高的顾虑是不一样的。,4662758451184650
所以绝对不要三胎 底层百姓生下来大概率去干苦力,4662758451184650
本科老师曾经告诉我们：永远不要被快乐教育所欺骗。快乐童年的教育理念，是美国富人给穷人撒的最大的谎。,4662758451184650
怎么说呢。现实就是教育政策要服务于社会现状和国情。现在社会极度缺乏技术型人员，因此，自然要是有一部分人要被当炮灰的。这是普通家庭的悲哀，但是最悲哀的莫过于，很多人不仅无知且不自知。这样的政策，会导致教育政策进一步差距化，是真正的寒门更难出贵子，这一代的孩子，也会更难跨越阶级。,4662758451184650
可怕的是一大堆人依然在叫好，他们并没有意识到他们正被阶级固化,4662758451184650
这个和前一段时间的离婚冷静期性质好像啊，强制离婚难然后说离婚率下降了百分之五十，其实本质都没变，治标不治本。,4662758451184650
这种拍脑门政策真的无语，我本人倒是机构老师其实一点都不担心会失业，因为只要中高考制度还在就永远都是上有政策下有对策，不过费用的话一对一请大学生好像也不算贵,4662758451184650
国家正在鼓励生育和促进职业教育，还看不懂什么意思嘛，如果公办学校质量过硬的话，哪里会需要培训机构,4662758451184650
资本吸血，推高985/211含“金”量，这金是听话的刷题家，却不是乐趣和健全人格。建议校外培训转型终身培训，多提供职业技能入门和岗前教育，不让985/211成为单一的提升通道。,4662758451184650
试点城市的学科类培训班都关门吗？说实话国家这样做应该就是为了普高和高职五五分流的更好施行吧？,4662758451184650
那各学校内卷，一个比一个放假晚放假少，能让学校挂掉吗,4662731087020336
我感觉这些机构可以转行投资鸿星尔克啊hhhh,4662731087020336
@午觉Nia,4662731087020336
我们只能转行了是吧,4662731087020336
这些貌似都是针对学科，不至于所有教培行业都难存活。艺术类，素质类，体育类都不受影响吧？,4662731087020336
我们中学现在还没放暑假呢，而且给教育局举报根本不管，光让培训机构挂掉没用的,4662731087020336
我这个小地方的教培还是如火如荼啊,4662731087020336
唉,4662661076485038
同睡不着的教培姐妹!,4662661076485038
买了学而思股票，上了杠杆，现在30多万亏光还倒欠6万,4662661076485038
小姐姐是做啥的呀,4662661076485038
没事的那么多机构上有政策下有对策,4662661076485038
点个关注，看看以后咱们都能干点啥养活自己,4662661076485038
别着急，转成1对1家教挣更多，都是高端客户，背景都是原来“猿*导”“学*思”的高级老师，这还怕找不到工作？,4662657850541709
我们这从今年开始取消学区房了。。说直接在电脑里随机分学校。政策一出学区二手房跌了很多。,4662657850541709
你他妈是个人才，人活着是为了接受教育的?啥是好的教育?笑死人啊你。,4662657850541709
你说的什么学区房，地域限制，职业教育。。。等等国家都有在改革了,4662657850541709
博主说出了我的心声,4662657850541709
感觉博主说的很是明了,4662657850541709
支持，最主要还是房价高，没什么幸福感,4662657850541709
慢慢来，先从容易的抓起,4662657850541709
全国统考不可能的，教育水平有差异，考试必然有差异，全国统考只会导致文化水平差距变大，做不到人才平均就不可能有全国统考,4662657850541709
作为一个不认识什么人，没什么社交圈的母亲，这个政策让我很惶恐啊。。。这不是逼着我花更多的钱去请私教？都藏着掖着还不知道哪个私教好？？,4662657850541709
以后教师事业编得卷死我,4662657850541709
同意你的观点,4662657850541709
对啊 一刀切好像就能解决很多问题一样,4662657850541709
那也比不切好。,4662657850541709
只能说，这些道理不可能制定政策的人不懂 至于为啥还要必须这么做，就不往下想了🙊🙊🙊,4662657850541709
所以周围产业全瑟瑟发抖..,4662657850541709
减少教育成本能提高出生率，校外培训增加了家庭平均教育成本，可以去查查欧美国家的家庭教育成本和私立教育普及率的关系就能看出来了,4662657850541709
同意，越这样越不想生孩子，自己就是个韭菜，再生一些韭菜被割，没必要了,4662657850541709
现在学区房意义不大了，因为学区房都开始整摇号。能读什么样的中学基本看运气,4662657850541709
高考全国统考,4662657850541709
校内教师做不到让所有孩子成为“尖子”，多少老师连批评学生都不敢了哪还敢“逼迫”学生要成绩，只要中考高考这种应试教育存在一天，教育就不可能公平。//@福崽子_: 结果一定不会是政策希望的样子。有需求就要引导正规化，而不是扼杀需求，社会永远会有竞争，资源就这么多。,4662657850541709
一点一点改，被资本摧残了四十年的全方面不是一朝一夕就能改回来的,4662657850541709
没有培训机构，有学校来教育了，免费的,4662657850541709
看看欧洲，生孩子教育什么的基本不用花钱，所以他们生得多,4662657850541709
去学前？或者去考研教育？,4662653990995055
唉,4662653990995055
其实对奥数没影响，因为现在叫思维训练营,4662653990995055
枪打出头鸟,4662653990995055
我也是一对一，哎，愁啊,4662653990995055
曾经同为某思核心全职教师，这两天以前同事都是忧心忡忡。教培行业转型去全新行业时间成本需要太多，可能考编制或者考公考研会变成大多数人的选择,4662653990995055
不知道对我的高中数学一对一有影响没,4662653990995055
没人敢骂政府，官让企业死，企业不得不死。,4662639386691772
关键词 学妹,4663343446757176
今年刚入坑,4663342726124218
举个手,4663341656837767
大摩羯，真是一生追求自信,4663341656837767
放屁 ！我们这边教育改革很公平！贫穷区域中考录取分比市区低70分！,4663341450793664
找家教，1v1。,4663341404652825
赞,4663341404652825
因为当年就是学校减负，结果把包袱推到家长和社会，才造成的校外市场昌盛。,4663341404652825
体育啊各种职业发展起来，让成材的渠道多起来，就堵，不考虑疏通到哪里就失职。,4663341404652825
都一样，看看欧洲卷韩国，卷得大家都不生孩子了，各种政策有啥用，自己都不能保证自己会不会马上没工作，政策又不能帮忙一直养孩子，自己都看不到未来，那些欧洲韩国人作为责任才不要孩子的！世界大同，我国也越来越像欧美了，40岁左右很容易失业、难找工作。下一代看到上一代这样，会怎样？,4663341404652825
教育公平没变化，河北河南江苏山东的高考地狱模式怎么解决？而且最好的的教育资源过于集中,4663341404652825
因为高职教育实在太拉胯，工人工资低。,4663341404652825
担心眼前的网课退不了费,4663341404652825
除非能保证无论什么学校毕业收入差距都不大，否则的话就永远内卷,4663341404652825
个人感觉一定程度上并不能减轻内卷。大家都上辅导班 都做老师布置的同样的任务还能有个参照，这么一规范，就越发从小团体的卷变成个人的卷,4663341404652825
反对的应该不是学生，而是学生的家长，而学生赞不赞同，他们的声音我们可能听不到。,4663341404652825
现在经济条件好了父母愿意为教育投资，正常的学点运动才艺外语，无可厚非。这样也能让孩子活泼开朗自信，发现多种可能。那些拼命鸡娃的家长是缺乏智慧，把玩命补课的禁了就行，没必要打击一大片。且学校对教委的安排敷衍了事。过去富家子弟琴棋书画不也是培养出来的，没有团课，就只能另请私教，更操心,4663341404652825
大家还处在内卷的惯性思维当中，政策一出来，家长们想的是别人有门路找人补课，我没门路怎么办。我们近三代人发条上得太紧了，不是一时可以松下来的。,4663341404652825
我也是觉得越来越难做了，也在考虑是否辞职,4663341005669520
天哪，都想哭了，为自己的未来担忧，我还有三万节课要补,4663341005669520
没呢坐等被开 如果还能苟活就继续苟,4663341005669520
有能力去学校应聘当正经的老师多好,4663341005669520
集美，辞职了么，我也想离职不知道怎么提,4663341005669520
感受一摸一样！真的是不上不下,4663341005669520
亲成功离职了么？也是一样，想要离职，但是公司不放，也是醉了,4663341005669520
姐妹，请问你是哪个机构啊，我现在就是一模一样的情况,4663341005669520
没有禁止家教，以后都是一对一,4663341005669520
想直接办理离职，又担心拿不到遣散费陷入尴尬,4663341005669520
逼疯打工人，，学校老师也被暑假托管搞得身心俱疲。。。人活得太难了,4663341005669520
我还在打算离职劳动仲裁机构他们突然有感觉有点可怜，太难了,4663341005669520
需要,4663340808540307
🈚️，教育退费没有那么复杂，,4663340808540307
怎么做？,4663340808540307
国家这次下狠手了,4663339252978935
赞同,4663338510846836
🙈🙉🙊,4663338300081823
是金子总会发光！,4663338300081823
👍🏻,4663320962146628
太狠了,4663319744745619
我们这边每学期300元,4663318344631566
挺好！,4663318344631566
@Hiay百哥儿,4663318344631566
所以因为双减政策而被动离职的员工利益由谁来保障，至今拖欠工资上诉无门，希望政府能够重视关注到一大批失业者,4663318344631566
@一位不愿意透露姓名的吧友,4663318344631566
天齐锂业没涨停哦,4663316277107272
你好，你感兴趣的“教育”已开通了超话社区～ 超话社区是微博旗下兴趣互动社区，快来与志同道合的小伙伴们一起交流互动吧！ 戳我进入>> 教育超话,4663313793024220
好久不见，我和小伙伴们都在东方财富的超话社区等你，快点来看看吧，回家指路>>东方财富超话,4663313253013622
加油！未来可期，,4663309775150102
就身边的情况来看，很多教培行业的老师都考公考编了！继续在私企的话，投新媒体运营的很多。,4663308991337344
@Sylnara_肥鹅王小明,4663308991337344
考公务员考编制吧，其他行业特别是私人企业35岁以后裁员很麻烦。都有这种问题。,4663308991337344
唉。,4663308991337344
还是吃公粮稳妥实在，这是要助长报名人数,4663308991337344
影视行业我感觉……到了中年的那群人依然在肝，肝无止境……,4663308991337344
教培行业真的暴风哭泣,4663308991337344
来早了（蹲,4663308991337344
有什么职业到中年不用肝啊,4663308991337344
学影视的在做mkt...,4663308991337344
瑟瑟发抖 简直进入了寒冬了,4663308991337344
我三十了还想去学节目制作，想学一门手艺来自,4663308991337344
蹲一个…,4663308991337344
可以说是四九入国军了……,4663308991337344
考公考编，我个人身体不太行，看久了电脑头晕眼花，尤其是剪视频,4663308991337344
考基层老师还是考专技事业编呢,4663308991337344
做剪辑的真的想转行，每天一到下午颈椎受不了就好想吐，眼睛也开始花,4663308991337344
来早了 蹲,4663308991337344
现在还能入职教培吗,4663308991337344
仿佛看见自己在投稿…,4663308991337344
我本人是医疗行业，周围哥姐基本也都是，只不过专业不太一样，我对于剪辑，视频这些就还挺喜欢的，顶多也就拍个vlog，拍点日落配个喜欢的bgm,4663308991337344
剧宣每天都处于崩溃边缘,4663308991337344
已在教育行业快两年了，双减政策刚出来我懵了，年龄快30了。都不知道后面出来能做什么,4663308991337344
去短视频行业呢？,4663308991337344
……刚入职教培行业一个月的我瑟瑟发抖,4663308991337344
游戏行业（前公司之前的美术部门狂招了一大批影视动画相关的人而且不只是美术相关一些制片之类的也会招,4663308991337344
游戏行业发行部门应该可以,4663308991337344
想知道做影视娱乐是不是经常见到名人？有没有满足一下我的好奇心,4663308991337344
学生学着学着就厌学了，得不偿失。,4663307153441466
确实是这个道理，可是高考的指挥棒还是那样,4663307153441466
话是这么说 但谁不想让自己孩子上高中,4663307153441466
不要让“双减”浮于表面、形式化，校内教育的课程设置、教学方式、服务水平明显落后于校外教育，双减的初衷和目的是好的，但是如果校内教育不随时代发展和家长孩子的需要而改进，是解决不了根本问题的，只会让明面上的校外培训搬到台底下。就像禁止了多年，依然有学校老师私下在校外给学生有偿补课。,4663305576649620
为什么会焦虑，因为孩子对口的学校不好，高中录取率只有50%。以前没有补课，好的小学一大半能进重点初中，差的学校只有3，4个能进，差的学校孩子都是笨蛋吗？这就是学校之间的差异，学区不好的，出去找好的老师补课有什么问题吗？难道学区不好的活该上不了高中吗？,4663301840046765
还有失业问题,4663301840046765
可培训学科以外的,4663301840046765
培训学科以为的不用花钱吗？上学还是要看看成绩，这样治标不治本啊,4663301840046765
去衡水式私立学校就可以继续刷题啦,4663301840046765
如果学校讲很快 吸收不了 怎么办 考试那么难 五项管理书面作业不得超过1.5小时 初三很忙啊要中考 他们怎么办,4663301840046765
没用的,4663301840046765
本质就是社会的内卷,4663301840046765
只要大学和工作岗位的数量是一定的，这个焦虑很难得到缓解。,4663300942468728
你好，你感兴趣的“东方财富”已开通了超话社区～ 超话社区是微博旗下兴趣互动社区，快来与志同道合的小伙伴们一起交流互动吧！ 戳我进入>> 东方财富超话,4663300849144738
好好解读政策，就不会这么单纯的想了,4663299683388829
老师好！,4663299683388829
刚看了个文件，说大学生一对一补课也涉嫌违规了 心塞,4663299683388829
下一步就是民办学校 不要小看了国家的决心,4663297254885214
还有不减负是所有人内卷 大部分家长都累 减负以后能请得起家教的毕竟社会少数 这个比例就是给普通老百姓相对公平 哪个社会有绝对公平？相对公平就笑了,4663297254885214
民办逐步过度为公办。政策趋势,4663297254885214
大部分民办都挂靠公办名校，拿国家资源为私人谋利，整顿下是有必要的,4663297254885214
民办也不见得比公办好很多呀，而且前两年我们这儿已经有出政策了，选择民办的越来越少。这应该是一个趋势～坐标杭州,4663297254885214
公民同招了你不知道吗,4663297254885214
领益智造你也关注吗,4663296936383876
资本家的钱？全民投资不算数？,4663290766557529
收钱,4663290766557529
应该说现在阶级已经固化了，不需要更多的高级人才往上占比，需要大量的基层生产力，所以教育改革，说白了有钱的那些人还是会强化，只是大众全部普通化,4663290766557529
等疫情稳定了，会有一波移民潮的,4663290766557529
住房15年开始每年涨幅都是20-30%，今年半年就涨了30%多，所以得压压。医疗险年年涨幅10%，医院年年盖大楼，钱拿来的？配个药还得凭医生处方去医院门口药店买，还不让用医保。教育就更扯蛋了，随便家里有个小孩的问问就知道，刚上学一个星期教学大纲就要教完拼音和加减法，不是神童都得先去外面先学完。,4663290766557529
太假，不是不相信gj，是不敢拿自己去赌，社会逃不过资本的斗争,4663290766557529
想知道几百平米的别墅咋分？,4663290766557529
还是觉得80后太惨了。90后学费全免，重点是，他们的孩子也不用上辅导班。80后自己买房，90后父母买，重点是房价马上就降了（不涨价货币不值钱=降价）,4663290766557529
共产主义又不是平均主义，共同富裕又不是所有人都在一条线，按劳分配为主体多种分配方式并存还不明白吗。这层主说得没错啊，手段先行为了完成目的。//@quradona:允许一部分人先富起来是手段，共同富裕才是目的……,4663290766557529
按照邓的设想是这样，但是先富起来的人不肯,4663290766557529
收了多少钱？？？,4663290766557529
大城市里的年轻人很多都是从事教育，房地产，银行，互联网，服务业....你把制造业再搬回大城市不实际吧？如果大城市年轻人找不到工作要结婚生孩子更难了.....看看今年的大学生吧。首先要解决就业啊。,4663290766557529
转发微博,4663290766557529
我是相信的，以后估计是安居房时代，商品房基本到头了,4663290766557529
你这是拿脚指头思考问题的吗,4663290766557529
要失业了房贷都要还不起了,4663290766557529
....小微不好受啊，共同gg了快,4663290766557529
共同富裕应该做的是减小收入差距,4663290766557529
看了另外一篇文章，这些政策陆续出来的目的就是出生人口减少，刺激生育，继续割韭菜,4663290766557529
允许一部分人先富起来是手段，共同富裕才是目的……,4663290766557529
教育才是根本，从小要培养孩子热爱自己家乡，报效自己的家乡并驻守，这样也是在报效祖国，国家要合理分配高端人才到不同城市的乡村，而不是把高端人才都引进到已经富裕的城市，这样贫富差距永远是循环不止。,4663290766557529
阶级性是国家的根本属性，怎么可能打破阶级呢。公平也只是相对公平而已，做到这一步也非常难，目前没有哪个国家能做到吧。至少在这个阶段内是没有了。,4663290766557529
空想社会主义,4663290766557529
一天不吹NB会死？最看不起的就是你这层忽悠🐶。,4663290766557529
房地产调控是蛮大，但是违背了市场经济的规律股票市场可以限定茅台一股1500吗,4663290766557529
靠让大家一起变蠢来搞公平教育？,4663290766557529
这个月房租又涨了小200！,4663290766557529
漫漫长路,4663290766557529
如果问题这么简单，那国家一个家庭分一套房子，这不就解决了吗 头痛医头 脚痛医脚,4663290766557529
一塌糊涂！,4663290766557529
据说近现代历史上人民最满意时期的社会形态是纳粹德国时期。但是一部分人的高福利、高就业就是另一部分人的被牺牲，只是你看不看得见而已,4663290766557529
其他不说，房产大多数集中在各种类型单位的领导们手里，普通人有个两套就不错了，但是看二手房尽然遇到过领导来了三次带了三串钥匙，都没有打开门的事情，实在太多了,4663290766557529
呵呵,4663290766557529
这货的智商,4663290766557529
共同富裕是不可能的，即使财富再分配穷人依然是穷人,4663290766557529
然而医疗和医药在以后绝对是高技术的领域，只靠均等必然会落后更多,4663290766557529
啥都信你会过得很惨，但啥都不信你会死的很惨。,4663290766557529
人家的市值从2000亿到260亿，对他个人有没有影响？ 有的话是多大? 对他公司的员工有么有影响？有的话是多大?,4663290766557529
成都上参考价有啥用呢？新盘开出来价格还在飙,4663290766557529
打击教育私有化，停贷二手房，996企业开始增加休息时间，这怎么看都是因为人口生育率太低了，为了造人而定的政策，跟共同富裕有啥关系。,4663290766557529
自己不去工作也赋予不起来。,4663290766557529
信是信，但没那么简单，这种转变其实还是得生产力跟得上，只有生产力达到一定高度才有真正的共同富裕,4663290766557529
土地逐渐兼并是国家的丧钟，资源垄断阶层固化底层逐渐往上倾轧就会导致国不将国。在亡国的危机下战争都可发动，只要上面不昏庸，既得利益集团在国家机器面前算什么。,4663290766557529
做时间的朋友远比不上做领导的朋友，句号。让子弹飞,4663290766557529
先把直接税征起来再说吧，房产税10年就有人提出，现在没落实,4663290766557529
房价难打压吧，毕竟土地出让金交给谁的,4663290766557529
关键是现在不能安居乐业,4663290766557529
如果真想降房价，手段多的是，说一套做一套让人反感。,4663290766557529
深圳先行先试,4663290766557529
应该是乡村振兴才对,4663290766557529
县长来啦，鹅城太平啦，县长来啦，青天就有啦,4663290766557529
这四个字 是个笑话,4663290766557529
按倒资本，整一个白痴，科技本就落后，还想落后到哪里去,4663290766557529
笑话，怎样共同富裕？你有10套恒二，送没房子的人2套？,4663290766557529
说起来很容易，做起来很难。古往今来改革都是失败多成功少。动利益集团的蛋糕困难多呀,4663290766557529
下一步是不是就是医疗了。,4663290766557529
对于普通学生来说，只能花更多钱跟上一对一，放弃补课意味着放弃高考。资本家更开心了,4663290766557529
房价也不可能降下来啊！就是一个稳字当头,4663290766557529
路长且艰，努力奋斗,4663290766557529
房价先打5折，并且保持3年，才算共同富裕，不要把话说早了,4663290766557529
控制货币，批量供地，征收房产税、空置税，打击腐败，房价不跌我直播跳楼,4663290766557529
一部分人先富起来就是骗局，先富起来的人脑子有病，凭什么带你们成后富,4663290766557529
轉發微博,4663290766557529
有啥不可能的，建国时候所有资本都能收为国有.....,4663290766557529
这就是坏人,4663290766557529
终于不是一句玩笑话了,4663290766557529
财富分配比例也出了问题，劳动力收入所得太低会让贫富分化加剧。这也是社会矛盾激化的原因，应该增加劳动力收入，减少中高层收入，就像西方那样，蓝领收入相对很高。,4663290766557529
给点阳光你就灿烂了，给点河水你就泛滥了？？？,4663290766557529
共同富裕？少数人给剩余的人画的大饼而已！,4663290766557529
打击到什么了？还不是上政策下对策！,4663290766557529
想太多了,4663290766557529
信个鬼。高考难度降低了？中考不刷人了？,4663290766557529
@PurpleSeptember,4663290766557529
不知道房产税会不会出台？,4663290766557529
是为了开放三胎,4663290766557529
大梦一场，醒不醒就看自己沉睡的有多深吧。,4663290766557529
这孩子，舔上瘾了，那么多贫困户，他说完成脱贫攻坚，真他么能舔,4663290766557529
好事啊 会有更多的创业者 市场多样性。,4663290766557529
恭喜你的博文进入推荐流房地产频道曝光~持续沿着垂直领域方向创作，获取更多流量，详情见兴趣话题创作宝典（一）审核规则揭秘,4663290766557529
有吗,4663290766557529
博主看到的是公平，我看到的是荒缪。我只见过增加中产以促进社会公平，这是第一次见削弱中产以促进社会公平的。难道是我站的不够高？,4663290766557529
义务教育阶段有名校这个词本身就是对社会主义的侮辱 既然有办的好的学校就该无条件帮助弱势学校 现在还没看到,4663290766557529
来鹅城就三件事:,4663290766557529
说的比唱的好听,4663290766557529
不能让先富的跑了,4663290766557529
1,4663290766557529
停贷二手房打击了刚需，最应该的是停贷二套房,4663290766557529
住房是刚需，如此高价值的商品如何流通起来才是问题的关键，公租房是个很好的解决办法，可过程中的官僚主义却根本无法破解，一边是官僚、一边是腐败，没有中间地带。,4663290766557529
在国家大机器面前，大家都是韭菜,4663290766557529
真逗,4663290766557529
房价必须脚斩,4663290766557529
啥b,4663290766557529
不可能什么按倒资本，不过是保证资本不要过度无序扩张，控制基本民生，带这种打倒资本的风向不知是怎么想的,4663290766557529
抑制豪强,4663290766557529
咋 卖房的是被谈话谈老实了？ 生产力没达到一定的水平说个屁的共同富裕？ 就是韭菜不长了害怕了给施点肥,4663290766557529
自己忽悠自己？,4663290766557529
呵呵，取消校外辅导，学区房肯定涨价,4663290766557529
制定政策的都不是穷人，又怎么会从穷人角度考虑呢,4663290766557529
公平个毛线，受损最大的是中产~,4663290766557529
课本里说的？！,4663290766557529
你不学，不代表别人不学,4663290766557529
精准打击~,4663290766557529
996算什么，看看传统的制造业，那个不是8-10-7的,4663290766557529
上面说的震天响，下面要是不执行，不跟，还是放空炮，观其言，看其行，然后再说,4663290766557529
要么社会集体所有制 要么资本激励制 人性 永远是需要激励 那就是少数统治多数 这是上帝故意手段,4663290766557529
共同富裕的股市走成这样了……好笑吗？,4663290766557529
附属国共同富裕,4663290766557529
更多是扶持实体经济，建立产业核心优势，稳定中产阶层，所以，政策应该都是围绕这些了。,4663290766557529
好像很有道理的样子呦,4663290766557529
把公平范围扩大,4663290766557529
60年代的时候有人相信能吃饱饭吗 70年代说人人都可以工作有人信吗 80年代说再过20年GDP世界第二有人信吗！！！,4663290766557529
房价不敢涨？不懂别乱说,4663290766557529
还有四个字：数字货币。这是终极杀器，买个房补个课交钱的时候，总不至于先学会洗钱吧！,4663290766557529
四座大山，还差一座——养老,4663290766557529
一切不利于生娃的都遭受了打击,4663290766557529
博主名字取的太好了！,4663290766557529
如果普通级别公务员取消三倍补充公积金和干部特殊医疗待遇，那我就信会有共同富裕这一回事,4663290766557529
有点儿意思,4663290766557529
每个朝代都是贫富差距逐渐拉大，然后革命，开始新的轮回。,4663290766557529
公平，公平，还TM的是，公平！！！,4663290766557529
Yue了,4663290766557529
//@世华实话:每个朝代都是贫富差距逐渐拉大，然后革命，开始新的轮回。,4663290766557529
怎么被打击了？你能不用上名牌大学毕业就拿上万？你看病少花钱了？还是你的房贷房租不用交了,4663290766557529
一本正经的胡说八道,4663290766557529
不全对，应该是正在想办法培养工人。教育是第一步,4663290766557529
把你的钱、房子、老婆分给我们，我们就信了,4663290766557529
笑而不语,4663290766557529
共同富裕分不分一线共同富裕城市 二线共同富裕城市 三线共同富裕城市呢,4663290766557529
确实……//@放牛娃阿杜:您说的对！但是我不相信。我若相信，我输的更惨。,4663290766557529
共同富裕到底什么概念？每天我车旁边停辆迈巴赫，到底是我俩人平均一下，还是给我也整一辆一样的？,4663290766557529
不让搞培训难道不是因为疫情？,4663290766557529
即使是可能也只是打破底层那几个阶层,4663290766557529
地价先得降下来,4663290766557529
啥时候在工厂上班的蓝领跟体制内差不多待遇哪怕累点，生育率自然会提高，现在强制高中录取率只有一半，一不小心上了职高以后去工厂准备三班倒累死累活拿五六千工资（有些连社保都没有）,4663289168007411
降低部分家长的心里预期值，降低投入成本，不然注下得太大，赌徒输红眼可不会回归理性。给社会和家庭造成不稳定因素。,4663289168007411
洋垃圾的问题是国内机构没有严格的审核，一味靠老外镀金，这是制度和流程问题。语言工作者就定义为教语言，因为是老外而赋予其他权利，这是国人崇洋媚外。,4663281346415046
一棒子打死，学外语不让老外教就靠国人教？,4663281346415046
崩溃来的正是时候，要淡定。不然也没有别的办法。,4663280868526980
你在三线城市也跟人家争不了啥呀都不一起高考,4663279160395954
不要站在自己的观点上来评论问题，看问题要全面，毕竟你也是一位老师，虽然是校外补课的，提升自己才是最好的方法,4663279160395954
老师好,4663279160395954
资质好的学生只会更优秀差生无所谓 苦的是中等生和中产家庭 这个政策出来有人叫好有人叫惨 一段时间内会加剧一对一教学 和小小小机构的滋生就是那种小区内的房子几个学生一个老师的这种小班教学当然只能是偷偷进行政策出来后也肯定会不断地提升对学校老师的要求现在不是有的地方都出现了县管校聘吗？,4663279160395954
还有就是有意识的家长肯定会认识到家庭教育的重要性 无论是学识还是素质方面,4663279160395954
家庭教育真的很重要,4663277379127168
监管部门抓死你,4663277379127168
这个实验我们做过哈哈,4663277227350997
对,4663274312043209
消除需求？那不太可能。有需求的家长，继续想办法找资源，单独私教或者小团家教要搞随便你。一是成本增加，二是别形成风气。没有必要估计官方也没有必要像打击吸毒一样的治理，真没必要。各自领域都要经历专属94。个体户在家挖k私下交易b，低调点不会憋死人。,4663274312043209
只要能让绝大部分普通人不要被挟裹进这种严重内卷的活动就好了，有钱人想怎么培训都没关系的,4663274312043209
解决线下补课才是最大问题！,4663274312043209
但是资本赚不到钱呢。消灭资本主义才是社会主义的目的,4663274312043209
自由市场跑偏了，就需要铁拳捶捶,4663274312043209
收费可能更黑。,4663274312043209
你是不是投资了暴跌的中概股,4663274312043209
资本推波助澜，有些钱不要赚,4663269895702189
文件又没说不让搞，要么就不会有每节课30分钟休息10分钟的规定了。 我建议停止广告，开始降价。和雷军一样承诺最多10%的利润，用量取胜。,4663269765421221
不会的，学而思新东方也要进入这个赛道，一片红海,4663269765421221
说的轻巧，高途k12是铁饭碗，你说掀就掀?看不到实质，如果有那个资本能关停，为何不关呢,4663269765421221
抢饭碗，死的更快。（职教那是国菜）,4663269765421221
资本家请私教，普通家庭请得起？考不好，普通家庭的孩子去职高，进厂，资本家的孩子出国镀金，回来吊打普通家庭的孩子,4663268852109100
我来买十股好未来,4663265856588589
教育已经凉了,4663265856588589
基本上凉透透了,4663265856588589
别的不放心，定投沪深300了,4663265856588589
传统的教育理念要变一变了！,4663265580549252
如果孩子不上托管班，现在的家长都没有时间辅导孩子做作业。,4663265580549252
孩子成绩不好，家长没时间辅导怎么办呀？,4663265580549252
把假期还给孩子，不要用各种名目的班来占用,4663265580549252
后续会有其它企业效仿吧,4663265580549252
这是不是又给要孩子的家长，增加了一些担心，担心以后的教育问题。,4663265580549252
真佩服好未来的领导，对国家政策的前瞻性！,4663265580549252
我觉得孩子假期也不会愿意去上托管班的,4663265580549252
这家企业比较有远见,4663265580549252
成人培训倒是没有那么多限制,4663265580549252
私立学校的教学方法符合国家政策吗？,4663265580549252
确实现在的家长对托管班是比较有需求的,4663265580549252
国家公立的托管满足不了家长的需求。,4663265580549252
尤其是双职工家庭，托管班还是有必要的,4663265580549252
严重同意,4663262157735464
说得很好！每个人都有不同的人生价值,4663262157735464
当你的孩子未来不确定时，作为父母，你愿意不闻不问，随他去？让他读职业高中？不会想推他一把？而且，有多少孩子是天生就会读书？在孩子心智不成熟阶段，不严格要求，让他们放飞自我，等到他们长大，反过来问你，为什么小时候不推推他。你怎么回答。,4663262157735464
那考试也不都考书本的内容啊🙅所以才需要课外强化,4663262157735464
现在外在诱惑太多，家长不驱，指望孩子自驱太难。,4663262157735464
所以m国基础教育很拉垮啊.....,4663262157735464
对！ 每个人优势不同 分工自然不同 找到适合自己的位置 最好的不一定适合自己！,4663262157735464
但是配套要跟上，就现在的职高来说，出来以后一样没有出路,4663262157735464
不同的人生，同样的精彩,4663262157735464
调整后会不会有机会买医药和消费？,4663260971009773
白酒杀人啊,4663260971009773
不要慌，是技术性调整,4663260971009773
哈，就问一句，你今天加仓了吗？,4663260971009773
原来如此 大师 我悟了,4663260971009773
空仓了一个多月,4663260971009773
不发微博我的铁粉都没了,4663260971009773
恭喜你的博文进入推荐流财经频道曝光~持续沿着垂直领域方向创作，获取更多流量，详情见兴趣话题创作宝典（一）审核规则揭秘,4663260971009773
原来买的衣服打折了，为了好受点，又买一件同款不同色，拉低价格，瞬间舒适了,4663260971009773
多大点事，既然有勇气入场，当初就该有这种面对的准备，那些总是分析大涨大跌原因的还不如老老实实调整自己心态呢,4663260971009773
白酒股十个跌停，,4663260971009773
今天进场捡了点,4663260971009773
享受人生高低起伏吧,4663260971009773
这是哪家啊，看起不错也，我去整件衬衣,4663260971009773
图片评论,4663260971009773
听你这么一通解释，我可算想明白了,4663260971009773
蝴蝶效应,4663260971009773
#双减政策# 只能说好多没资本没关系的小机构要凉凉了,4663257644666444
我想上我自愿上为什么不给人上 我真的无语了,4663256238786850
教育焦虑折射出的是就业焦虑，进而反应的是分配制度问题，不患寡而患不均是人性的弱点，在社会发展之初，我们需要高速发展，追求的是效率，当发展到一定程度了，公平性问题一定需要被摆上台面，只有解决了职业歧视和分配悬殊的问题，才能从根上解决教育焦虑问题。,4663256238786850
英国外教不能教英语，难道让中国人跟着中国老师学口语？,4663256238786850
可以预见的是，一对一家教式补课和地下补课将会应运而生。一对一家教，可以规避不准利用寒暑假补课的政策，但是费用必定比正规小班培训高很多，对于绝大多数普通家庭来说，负担就更加重了。,4663256238786850
小地方的孩子算是完了。校内有应付不完的低效作业，从一年级起不到晚上十点不罢休。校外没有可以拓展的空间，明明孩子很喜欢的课程，现在却有人说是为了孩子好，不让他们上。优质资源与小地方的孩子再无瓜葛了，小地方的孩子估计只配永远留在小地方吧。,4663256238786850
大家可能都理解错了吧……送孩子去教育机构是内卷？这个社会不是就在比谁更努力吗？小孩想努力想补课哪错了？年轻人不生小孩是因为担心每年几千块的培训费？,4663256238786850
什么狗屁政策啊！公立学校的老师都把自己孩子送去机构上课，这够说明问题了吧！最终坑的还是家长，退费谁来管？,4663256238786850
规范教育机构正规化，严格监管才是，这一顿瞎搅和。,4663256238786850
"请关注一下""镇聘老师""(临聘老师)入编问题或者工资待遇问题，谢谢！ 每年考编放出的编制名额少之又少，这边的临聘老师却一堆堆，做着跟其他老师一样的工作，拿着少得可怜的薪水，好些镇聘老师考编高达十余年！坐标:佛山市南海区",4663256238786850
这是科学的做法吗？谁一拍脑门做的这个决定啊！剥夺选择上高中的权利,4663256238786850
难道双减政策真的有用吗？有钱都可以请私教啊，家长学历高一点的可以自己教,4663256238786850
一样可以请私教呀,4663256238786850
请问把艺术类纳入中高考，你们是认真的吗？谁不知道艺术类最是烧钱，这样真的好吗？随便一节和艺术沾边的课都是100起步，不知道减负减的什么，减了个寂寞吗,4663256238786850
双减后，为什么孩子放学更晚了？！更累了？！说好的一天两小时户外活动，全TM被学校侵占了！！,4663256238786850
政策，唉！头疼！越搞越乱！,4663256238786850
这种政策出台的有评估过实际效果会达到预期吗？有评估过家长望子成龙的决心吗？有考虑过疫情当下上百万的人失业吗？制定这些政策的领导老爷们你们会让自己的孩子读职高和技校？,4663256238786850
大家都躺平生孩子吧 听上级的,4663256238786850
这个双减政策必须要经过家长们投票才行，凭什么专家们就自主的出政策了，有征求大家都意见吗？越减越加重家长的负担，教育资源分配更不均。,4663256238786850
想得这么理想注定有劫数破坏甜梦一场,4663256238786850
扯淡，双减不认为是给家长减负，反而是增加负担,4663256238786850
如果是这样的话，什么时候关闭私立学校呢？或者什么时候全部转为公立？,4663256238786850
以后家长为了成为孟母努力，家长成为不了现代孟母，最终可以教孩子“人生快乐最重要”。,4663256238786850
领导家孩子可不喜欢边玩边学嘛，不然班级倒第一当班长太讽刺了,4663256238786850
有钱人可以买学区房，可以请私教。这个政策这真的打击的是那些边缘的人，再无追赶机会，哎,4663256238786850
就都改成了非节假日校外培训！,4663256238786850
真他妈有毛病，你告诉我那教育机构的老师，少说有几百万人吧，这下全失业了，怎么养家糊口？？？,4663256238786850
哎，房贷压力更大吧,4663256126067604
像学而思那类超前教育的机构应该被取缔,4663256126067604
要失业了……,4663256126067604
国家发布的你能怎么办，是虎给我卧着，是龙你给我盘着，看美股中概股被国家一个政策调整，把多少个企业全都抹杀了太狠了,4663256126067604
那么多反对的啊，果然微博人均年收入百万。,4663256126067604
我们这里的培训机构的对策就是周末不补课，周中补，就是周一到周五的晚上，好老火，现在延时服务，本来学校就放学晚，然后晚上再上培训班，孩子好累嘛,4663256126067604
只能说支持的人都不怎么爱上网,4663256126067604
这是扬汤止沸，不是釜底抽薪,4663256126067604
只能说有病,4663256126067604
跌蒙了,4663252182632477
问：为什么国家出台政策整治课外辅导行业，跟课外辅导毫不相关的也跌了？ 答：树上有10只鸟，你开枪打死1只，请问树上还剩几只？,4663247968670865
我买的军工还是红的,4663246411532213
可可爱爱,4663245916604131
有仪式感,4663245916604131
暖心,4663245916604131
很可爱呢,4663245916604131
哇，都开始写字了。别说还写得很认真啊。人生中每一个第1次都要把它珍藏起来哦。有纪念意义,4663245916604131
真暖呀,4663245916604131
有爱的邀请,4663245916604131
你们怎么过生日的？,4663245916604131
60%已经很高了，大多数地方是对半切的,4663245824855183
百分之六十还不满足吗？,4663245824855183
湖南现在高中录取率百分之50 本科率才百分之三十几,4663245824855183
长沙普高录取率只有50%，知足吧……,4663245824855183
为什么走，没油水捞了,4663243770169709
培训会化整为零，在小区租个民宅，教几个学生。怎么管？,4663243770169709
是基本国策都变了，基金经理们赶紧调仓所致。所谓外资其实都是穿马甲的内资，他们准确地捕捉并解读到一些鸡娃割娃的产业将会遭到无情的打击，不光校外教育，房地产、游戏这些影响生育率的企业都要重新估值了。,4663243770169709
政策的初衷是好的 但是一刀切说实话就是懒政了 而且根本解决不了焦虑 而房价才是根本 现在百姓挣得100块 20块给了教育 60块给了房价 你不去弄房价 是因为教育带不来税收而房价能拉鸡滴屁 而且弄了教育还能得点民心,4663243770169709
收割人民的外资要那干啥。当年大清开放口岸，还是要打仗呢，,4663243770169709
推特上昨天有人已经解读到这点了,4663243770169709
晚上直播吗,4663243770169709
你好，你感兴趣的“益伴”已开通了超话社区～ 超话社区是微博旗下兴趣互动社区，快来与志同道合的小伙伴们一起交流互动吧！ 戳我进入>> 益伴超话,4663241647589261
选南宁试点呗。。。首府带头么,4663231971331151
感谢分享，看国家大事，才能把握交易趋势,4663224480042931
速来围观周末大事件。,4663224480042931
感谢南南分享。周末大事不少啊。,4663224480042931
双减政策对互联网线上教育不利的。,4663224480042931
双减 减了教育股的好多水﹉,4663224480042931
都来围观周末事件。及时把握动向,4663224480042931
这不是杀逻辑吗,4663220662700505
压力大,4663219995544416
没错啦,4663219995544416
以前是越穷越生，现在是越生越穷 催我生孩子，你帮我养吧,4663219995544416
现在一个个否定的人我只能说毫无头脑，被一些所谓的大V几句表面说法误导 中国人还是缺少独立辨别事物的能力 可悲,4663219995544416
也只有家庭主妇才敢生二胎三胎了,4663219995544416
庶民还是看不明白，这次的双减政策彻底清除了普通家庭翻身的机会，不让公开补课，officer和richer可以不通过市场渠道找好老师补课，庶民有这个资源吗？,4663219995544416
好真实,4663219995544416
是的啊，没钱供孩子读书，哪敢生娃没那个资本,4663219995544416
竞争是本身就存在的，不是没有教育机构，就能减负的，相反，家长和孩子会更累，家庭矛盾会更多。,4663219995544416
你以为关停机构，三胎就来了？我更不敢生,4663219995544416
现在不可能有人敢生孩子了,4663219995544416
所以因为双减政策而被动离职的员工利益由谁来保障，至今拖欠工资上诉无门，希望政府能够重视关注到一大批失业者,4663219995544416
二胎也不敢生,4663219995544416
一国根本的教育，被弄成现在这样，谁之过,4663219995544416
赞同,4663219995544416
有些家长就指望送辅导班，这无疑断了他们后路,4663219995544416
生一个孩子，我可以砸钱教育，让他啃老，生三个孩子一般家庭估计是砸不起也被啃不起，那如果孩子天生不聪明，岂不是就要去做底层韭菜了？那还是一个都别生了，干嘛给别人创造进工厂的劳动力呢,4663219995544416
还应该取消私立学校,4663219995544416
最大的不是房价吗,4663219995544416
红黄蓝到万年县搞了早教中心 我正在犹豫有没有不要去上 120节课8000多,4663219995544416
说的太真实了,4663219995544416
生那么多韭菜干嘛 房价才是最大的压力好吧,4663219995544416
现在是拼娃时代,4663219995544416
说的是,4663219995544416
没有精力去带3个孩子难道不是个问题嘛，教育还在后头，前面都没做好,4663219995544416
压力太大了，,4663219995544416
说校内不教校外教的，您可真睿智。,4663219995544416
压力太大了,4663219995544416
不婚族无压力,4663219995544416
努力吧,4663219995544416
关键在于敢不敢推进职业教育，如果职业教育大步向前，学生能在更短的时间达到普通教育的同等学力，那职业教育就一定吃香,4663219995544416
我都不想结婚,4663219995544416
太难了 有钱生娃，但是给不起他良好的教育，还是不要生了，对娃负责,4663219995544416
最可悲的是把能变成老鹰的孩子都卷成了鸡娃,4663219995544416
那上不了好的学校也不敢生,4663219995544416
杜绝补课后，有钱人的孩子应该会更高兴，教育资源没人争夺了，资源位更多了，大喜大贺,4663219995544416
鹦鹉学舌,4663219995544416
双减与三胎没有关系,4663219995544416
是教育吗？是房价。你这文章写的啥玩意。,4663219995544416
说真的，我原单位是一个机构，小升初以及中考前都有封闭集训，三个月不到二十万，保证进步，基本都是四百多分最后中考考成五百多上重点，这个政策一出，我前单位这三个月集训可就不止二十万了，有钱但是成绩不好得去可以保证重点次重点，没钱成绩还不好的那就只能职高了,4663219995544416
一直有升学考试 必然一直有内卷,4663219995544416
给钱都不会生，太心累,4663219995544416
恭喜你的博文进入推荐流互联网频道曝光~持续沿着垂直领域方向创作，获取更多流量，详情见兴趣话题创作宝典（一）审核规则揭秘,4663219995544416
支持,4663219995544416
有钱的改上家教上家教 舍不得给孩子上辅导班的该不上不上 苦的还是中产家的孩子 想学没地儿学 国家一天不给公立校老师高薪 教育资源就永远不平衡,4663219995544416
笑死，难道不是因为结不起婚，买不起房？,4663219995544416
关停机构就会生二胎三胎了吗？有钱人家可以请私教上门，可以让孩子出国，普通人怎么办？,4663219995544416
我不结婚不生娃。,4663219995544416
结婚生娃的十有八九后悔，还生三胎？脑子有💩哦,4663219995544416
还有心思考虑三胎？年轻人连找对像都没兴趣,4663219995544416
焦虑来自过早分层，取消中考。没考上高中，会担心他会不会饿死。考上高中没考上好的大学，至少没那么自责，我们尽力了，天赋不够，认命。,4663219995544416
生那么多又不好好培养，给不了好的教育，还不如不生，只是给社会增添负担,4663219995544416
年轻人经济压力太大，有钱生没钱养才是重点。教育还是其次,4663219995544416
义务教育（大灶）-----培训教育（小灶）-----双减（私灶）；只要还在吃饭，看柴火多寡选择灶头而已。,4663219995544416
先落实假期和工时以及薪酬福利吧，真的大部分人养不起没时间养完全是工作福利不够，也没时间带小孩,4663219995544416
现在不鸡娃，开始鸡自己了，成年人的内卷有没有人能管管啊,4663219995544416
双减之后那么多人失业，更没人生了,4663219995544416
教育成本有买房钱多？？？？？,4663219995544416
是教育的主要问题吗？,4663219995544416
那么关于三胎只是在教育上让人望而却步吗？有谁关注过生育孩子的女人，拿什么来给她们保障。怀孕生产教育，沦落为家庭主妇，离婚时婚姻法都不保护你，钱和孩子是别人的，因为女人你没工作养不起孩子。如此之下，哪个勇敢的女人愿意尝试,4663219995544416
这很难，整体东亚大环境都是这样，日本韩国，补课也不少，尤其是韩国。,4663219995544416
鸡娃？内卷是啥意思？,4663219995544416
说得不错,4663219995544416
最可恨的是把九年义务教育做成了生意，国家还睁一只眼闭一只眼！,4663219995544416
所谓校外机构严格监管，不过就是不让周末上课，不让上线下课，变成非周末上线上课，这不更费眼睛？然后还有各种各样渠道，线下课的，那也很多，而且费用更贵。这些培训为什么这么有市场呢？因为各个好的初中认啊，初中收简历啊，要你有华杯名次啊，KET、PET啊，家长不就冲着这些才把孩子送各种机构吗？,4663219995544416
@五鹿逐雪: 政策是好的，着眼长远，但现在中高考环境如此，学区主导生源和教学质量，培训是一般学校学生去竞争的重要手段，不让培训，显然影响了很多关键期小朋友的前途，小家与大家追求的利益不同，上有政策下有对策肯定会出现，稀缺的培训只会变得越来越昂贵,4663219995544416
营商市场不稳定直接影响就业，没有就业谈什么三胎？,4663706040933334
最惨的是企业家，一份文件直接把多年心血给整没了,4663706040933334
你好，你感兴趣的“教育”已开通了超话社区～ 超话社区是微博旗下兴趣互动社区，快来与志同道合的小伙伴们一起交流互动吧！ 戳我进入>> 教育超话,4663705869227672
比较的前提是我们所比较的东西存在才会发生比较，就像应试教育被叫做应试是因为中高考要把人分等，我们要应对这个考试，所以叫应试,4663704316546142
压力重要吗？没有压力年亲人为啥拼命呢？当拼命成为了一个真正的动词,4663704060436766
影响这么大嘛。。,4663703285531452
迷茫了,4663703285531452
同为互联网教育工作者，刚刚怀上宝宝，是真的惨，不知道接下来该怎么办,4663703285531452
同事诶，哪个事业部的,4663703285531452
朋友是新东方的嘛？,4663703285531452
在哪都可以工作的很棒棒,4663703285531452
加油 双减应该是防止内卷吧 精英的越精英 平民的越平....,4663703285531452
现在有人已经开始拿给孩子买学区房的钱去请家教了,4663696859857032
肯定不是哈，这样一搞 都去花更多的钱请家教了,4663693163370975
双减好啊，减轻广大人民群众的教育差距。个别富豪请私教另算,4663693163370975
我也焦虑，儿子没地方补课，一对一上不起，怎么办,4663690625816174
同在K12，如果你在国内大一些的机构，领导层应该都想好了对策，毕竟很早就有消息了，照做就好。如果是地方小机构，改行吧,4663690625816174
身为家长更焦虑，一定会有解决的办法的,4663690625816174
私底下大家可能还是会悄悄弄吧,4663690625816174
看看吧，毕竟政策刚出,4663690625816174
估计会沉！但是身边没有啥人可以交流的了？我不懂为什么我的同事们一点都不紧张,4663690625816174
我朋友也很迷茫，因为假期没法送小孩去培训了。,4663690625816174
消费不该跌啊，三胎需要更多消费啊,4663690516766322
虾哥事后总结全网第一,4663690516766322
六六六,4663690516766322
跌的已经把千万家庭跌出负担了，这是啥政策呢请问？,4663690516766322
三胎政策不是也会利好医疗吗？医疗的负担不在于生几胆吧？是不是反应过度？还是资本的方向和实际的方向不同？,4663690516766322
跌吧，谁还有心情生孩子,4663690516766322
为什么游戏股暴跌？什么原因,4663690516766322
啥都要给三胎政策让路，后继都无人了，纵使家财万贯有何用,4663690516766322
光股市跌有什么用，你去买药，药又没有跌，去买房，房也没跌，去买奶粉，也没跌，股票跌了，好像大家能买的起一样，物品价格不跌，光跌股票有啥用,4663690516766322
房子什么时候跌,4663690516766322
转发微博,4663690516766322
嗯，有点道理。不过，消费投资市场低迷，对于经济增长有何益处？,4663690516766322
最大的负担是教育。。这一条真正让城市里的父母不敢生。。,4663690516766322
房子 医疗 教育 都在搜刮百姓，无论你怎么努力加班还是买不起一套房，想生生不起啊，,4663690516766322
这是说给侠哥听的。,4663690516766322
是上面提议不要总是做吃酒喝药的行情，要多元化发展，所以都在跑，一跑成踩踏恐慌了，其实根本是机构要做调仓换股,4663690516766322
666,4663690516766322
生的起，养不起,4663690516766322
赶快生啊,4663690516766322
三胎 概念没起来啊关键,4663690516766322
股市再跌，外患没攘，内部先卷起来了。卷就是践踏式清仓，资产贬值。,4663690516766322
这跟消费有啥关系，扯淡，生孩就不消费了！,4663690516766322
钱跌光了，还三胎个头啊，中产返贫了，更没谱了,4663690516766322
三胎概念可以炒,4663690516766322
三胎概念也没见涨啊,4663690516766322
消费不应该利好？,4663690516766322
不管咋折腾，反正国家是不出钱,4663690516766322
是不是改革力度再加大，中国人百毒不侵，长生不老，医疗可以关了,4663690516766322
不直接补贴，净整这没用的，老百姓就喜欢直接，懂吗？直给,4663690516766322
光喊口号没用，什么时候医疗，教育免费，房价跌下来，自然而然就有人愿意生了。,4663690516766322
你被表扬了@山人I,4663690516766322
四座大山，养不起，房买不起，病不起，死不起。,4663690516766322
原来条件不好，生一个也是养生三个也是养，现在条件好了，养小孩配套设施反而跟不上，父母工资远不及培养孩子,4663690516766322
跌吧，吧钱也跌没了,4663690516766322
不是应该利好吗,4663690516766322
没毛用,4663690516766322
你们觉得医疗负担重吗？一般家庭生孩子在医院算上检查全部花销也就几千块钱，我中耳换骨手术住院一周多报销80%后也就花三千五。国家政策好了，主要压力就是教育和房子,4663690516766322
房子不降价永远都不会有人要生,4663690516766322
我党就会忽悠,4663690516766322
政府机官人员必须三胎不然就下岗,4663690516766322
化工涨价卖给国外，为啥跌,4663690516766322
各种利好政策陆续推出，但要真正落地，不是一直的喊口号。什么时候才能真正实现呢,4663690516766322
教育负坦如何双减：学区房都是老破小，又贵的要命,4663690516766322
都把母体跌没了，咋生孩子,4663690516766322
谁有独生子女证的？亮亮啊！,4663690516766322
什么时候奖励生育才有用,4663690516766322
[小红花],4663690516766322
股市亏钱也没办法安心生孩子啊，侠哥,4663690516766322
坚持互动，目标成为铁粉,4663690516766322
生个孩子，奖励一百万，,4663690516766322
尽整些没用的，把全国各地所有房子公布出来，多出来的分给生三孩家庭，马上见效,4663690516766322
是不是股市跌了，你特别兴奋？你恨不得天天跌？这么活跃？,4663690516766322
还是那句话，少生不生，幸福一生。,4663690516766322
三座大山,4663690516766322
这跟炒股没关系，这是社保跟不上了，比房地产更可怕,4663690516766322
生老三去吧，瞎,4663690516766322
哈哈哈，快进到农业致富经教别人生三胎,4663690516766322
我就想着房价跌,4663690516766322
现在买瓶近期的茅台3000块，股价1800不到，然后呢,4663690516766322
真正压在老百姓头上的是房价，房奴不配生二胎，更别说三胎，拿什么养？所以说房价不跌，其他都是白折腾。,4663690516766322
股市这要搞得话，打死也坚决一个不生,4663690516766322
再跌下去，一个都养不起，再跌下去，母体都没了,4663690516766322
关键孩子生完了，能保证生活幸福吗？ 现在没有生之前幸福嘛？？,4663690516766322
@量化分析官 今日机构热搜 1.贵州茅台 2.中芯国际 3.宁德时代 4.中国平安 5.五粮液 6.隆基股份 7.恒瑞医药 8.万科A 9.紫金矿业 10.比亚迪 11.赣锋锂业 12.天齐锂业 13.招商银行 14.爱尔眼科 15.兆易创新 16.亿纬锂能 17.海康威视 18.爱美客 19.阳光电源 20.东方财富 21.北方华创 22.三安光电,4663690516766322
👏👏👏,4663690516766322
先把房价降下来再说。,4663690516766322
跌吧，使劲跌！好多都待婚男青年的血汗钱放股市投资准备结婚用的，你跌没了不是没人生孩子的问题是没人结婚了，因为穷了。想生孩子你也得让人民富裕啊！天天就知道执行一堆政策受苦的还是人民,4663690516766322
小孩多了，房子不够住，房价也该掉了,4663690516766322
没事，房价太低！,4663690516766322
关闭股市，让大家专心养娃儿。,4663690516766322
半句话，解读完啦?？这些大家都知道de呀.,4663690516766322
钱都被套了，生毛三孩，现在结婚的年青人都越来越少了，,4663690516766322
房价是主要原因,4663690516766322
真是的叫他们儿子儿媳，或者孙子孙媳去生吧，自己都养不起房租房贷，还生孩子，站着不腰疼话我不要听,4663690516766322
股票亏了更不想生孩了,4663690516766322
教育和养大是困难最小的，老百姓不敢生主要是房价！ 当然，这政策可能目标对象就不是我们这种穷人。,4663690516766322
想让国民生三胎。股市不涨。拿什么养！再好的政策都是耍流氓。,4663690516766322
别跌了，我生还不行吗,4663690516766322
哈哈,4663690516766322
三孩政策和这些并无太大关系 而是房价才是至关重要的,4663690516766322
生育率上不去的根本原因到底是教育支出还是房产支出上面心里有数。父母在孩子身上投入再多也无怨无悔，而且还是循序渐进的掏，难受的是一次性掏空六个钱包买房！！提高生育率的最直接办法：上海指数一万二，上海房价二万一！！等于做梦,4663690516766322
利好三孩概念，大力发展国产尿不湿行业！,4663690516766322
嗯嗯，那就把上市公司股价干腰斩再说，拍了桌子也没见大宗商品价格下降呢,4663690516766322
孩子不用补课了，开辅导班的崩盘了。不用补课，眼睛就变好了，所以眼科崩盘了。妈妈周末不用送孩子补课，自己也就没时间去做美容，所以医美也崩盘。孩子不送辅导班，爸爸也没时间去喝酒了，所以白酒也崩盘。不喝酒，身体也好了，也不用养肝也不需要创新药，片仔癀和创新药也崩盘了，补课引发的连锁反应,4663690516766322
利好阳光电源,4663690516766322
其实你看日韩欧美，哪个的生育政策没中国好?哪个又解决了生育问题?生育问题是社会发展的产物，真的不好解决！,4663690516766322
跌的连B都不敢兴趣了还何来谈2-3-4胎。,4663690516766322
能全民免费医疗吗？能免费幼儿园吗？能免费读完大学吗？能把房奴解放了吗？,4663690516766322
反过来，生三孩不是利好医疗、消费、教育吗,4663690516766322
所以大跌的原因到底是啥，政策市让国外机构对中概股失去信心了,4663690516766322
鸡飞狗跳,4663690516766322
别跌了别跌了，我生还不行吗,4663690516766322
哎，没办法，一个比一个精，这市场怎么能好,4663690516766322
有道理,4663690516766322
图片评论,4663690516766322
下一代孩子，重量不重质了,4663690516766322
好学校不动，学区房不动，动课外培训...这是找老实的往死里面欺负，哈哈哈,4663690516766322
不用出台政策，我都已经三胎了，压力确实大,4663690516766322
医美和三胎没撒关联吧侠哥,4663690516766322
计划变优化了,4663690516766322
没钱，能买啥养孩子,4663690516766322
昨天不是贴图说是因为调整国策了吗？不是换高端制造业了吗？你的嘴是真的碎，一天一个说法,4663690516766322
问题就在国家都这样劳心劳力了，大家还是不愿生,4663690516766322
生育养育教育里面最好处理的就是教育，医疗和衣食住行就不那么好解决了。,4663690516766322
啥也不说了，明天看涨,4663690516766322
医美呢,4663690516766322
最开始补课确实是好事，但资本介入太深，搞得大家都不舒服。国家忍到了现在，可中青年父母的压力越来越大，可补课费都分给资本家了。并且补课除了不断的刷新高考分数，对广大学生在其他方面的帮助也微乎其微。,4663690516766322
反正咋样都有理由,4663690516766322
啊,4663690516766322
快生,4663690516766322
侠哥越来越佩服你了，根据你的提示减少太多损失。,4663690516766322
房价什么时候跌,4663690516766322
可以搞点安全培训之类的嘛,4663687531726480
转发微博,4663687531726480
音乐、体育、美术类的教师会有很大需求。,4663687531726480
@炸毛君的毛毛毛满天飞,4663687531726480
见鬼去吧，真是。。。,4663687531726480
利好,4663687531726480
更贵了,4663687531726480
教培机构找到点活路。,4663687531726480
我们这边的课外培训依旧如火如荼啊，如果没有了我们该何去何从，打游戏逛街喝饮料？娃想打个篮球都没地方，只能交钱报班才可以打，学校也不给进,4663687531726480
利好，别人恐惧我贪婪,4663687531726480
@Summer撇s家伙,4663687531726480
博主分享的太好了，讲得很有道理,4663684482473984
终究被社会,4663683328517042
没有出路了 ……看文件细目，基本上是一年打残三年打死。两个娃家长的我，也蛮迷茫的，总不能自己教吧，自己跟着从小学学到高中……,4663678471505943
哈哈 掌门人,4663678471505943
