screen_name,profile_image_url,location,created_time,text
ä»™Daniel,"https://tvax1.sinaimg.cn/crop.0.0.1080.1080.50/007QFi6jly8h103r7se72j30u00u10te.jpg?KID=imgbed,tva&Expires=1686727556&ssig=49bq6PWV%2B5",åŒ—äº¬,Tue Jun 13 10:26:30  2023,å·å¤§çš„äº‹å°±æ˜¯å¼€ç«¯ï¼Œä¸å¤„ç†å¥½çš„è¯ æ‰€æœ‰å…¬å…±åœºåˆ æ•ˆä»¿çš„äººä¼šè¶Šæ¥è¶Šå¤šã€‚
éœæœˆå¼ ç–¯-Shirley,"https://tvax2.sinaimg.cn/crop.0.0.752.752.50/9d4244d7ly8he2hwm5bvwj20kw0kwmxx.jpg?KID=imgbed,tva&Expires=1686727556&ssig=0yeFpvBikn",åŒ—äº¬,Tue Jun 13 10:43:18  2023,åª’ä½“ä¸ç»è°ƒæŸ¥å…ˆå–Šå‡‰å‡‰ä¹‹é£ä¸æ•´é¡¿ï¼Œç½‘æš´æ— å®æ—¥ï¼
éšèº«å¢¨é±¼,"https://tvax2.sinaimg.cn/crop.0.0.685.685.50/008fYKiGly8h9d54rn3ndj30j10j1abj.jpg?KID=imgbed,tva&Expires=1686727556&ssig=pwIpCK6tiW",å››å·,Tue Jun 13 10:26:52  2023,æ²»å¥½é…’é©¾çš„ä¸æ˜¯å¸æœºç´ è´¨å˜å¥½äº†ï¼Œæ˜¯é…’é©¾å…¥åˆ‘
çš®é‡Œç‰¹çš„èœ‚èœœç½,"https://tvax4.sinaimg.cn/crop.0.0.812.812.50/006HQ7BAly8h06xgtxigvj30mk0mkgnc.jpg?KID=imgbed,tva&Expires=1686727556&ssig=hRFJkTi7Vo",ä¸Šæµ·,Tue Jun 13 10:44:24  2023,å°‘å–Šå£å·ï¼Œç‹ æŠ“å…¸å‹æ¡ˆä¾‹ï¼Œè¯·ä»˜è¯¸äºè¡ŒåŠ¨ï¼
ä¸èƒ½å›å®¶çš„æ°´æ‰‹,"https://tvax1.sinaimg.cn/crop.0.0.1080.1080.50/008tHzhSly8hbq5ohepgkj30u00u0mz0.jpg?KID=imgbed,tva&Expires=1686727556&ssig=Wp6DaJ330T",å…¶ä»–,Tue Jun 13 10:48:09  2023,è‹¥æƒ³ä»æ ¹æœ¬ä¸Šæ²»ç†ç½‘æš´ï¼Œå¿…é¡»æ­£è§†21å¹´å…«æœˆç‰¹å¤§æœ‰ç»„ç»‡çŠ¯ç½ªæ€§è´¨çš„è¯½è°¤æ„é™·ç½‘ç»œæš´åŠ›äº‹ä»¶ï¼Œå¦åˆ™å°±æ˜¯å£è°ˆ
çœ‹äº”æ˜Ÿç…§è€€å¤§åœ°çš„ç¾ä¸½å–ƒå–ƒ,"https://tvax3.sinaimg.cn/crop.0.0.1080.1080.50/7688b19dly8hduxsndefsj20u00u076s.jpg?KID=imgbed,tva&Expires=1686727556&ssig=QAHtPb7KI5",å±±ä¸œ é’å²›,Tue Jun 13 10:34:51  2023,ç»ˆäºè¦é‡è§†äº† å¤šå°‘è¡€çš„æ•™è®­äº†[å–µå–µ]
miejueshitai007,"https://tvax2.sinaimg.cn/crop.0.0.1000.1000.50/007E08CEly8he6e2dsth2j30rs0rsmyk.jpg?KID=imgbed,tva&Expires=1686727556&ssig=3WhFJUREH9",å…¶ä»–,Tue Jun 13 10:44:05  2023,å¸Œæœ›è¿™æ¬¡ä¸æ˜¯å–Šå£å·äº†
ä¸ºä½•ä¸å…ˆçˆ±è‡ªå·±å‘¢_,"https://tvax2.sinaimg.cn/crop.0.0.200.200.50/a94b1983ly8h9bwxj7mh5j205k05kjr7.jpg?KID=imgbed,tva&Expires=1686727556&ssig=aeDNKI%2BtA%2F",å…¶ä»–,Tue Jun 13 10:41:02  2023,zici[å“†å•¦Aæ¢¦å¾®ç¬‘]åŒçƒ¦äº†å„ç§â€œæ®è¯´â€â€œå¬è¯´æ˜¯â€â€œåˆ«äººè¯´æ˜¯â€â€œXXXè¯´çš„æˆ‘å°±æ˜¯é‡å¤äº†ä¸€éâ€[è€å¸ˆå¥½]
ä¸œå—äºšå‚å¦¹å¥¹çˆ¹,"https://tvax4.sinaimg.cn/crop.0.0.1080.1080.50/6bc45e0aly8h30zwxj2igj20u00u00w6.jpg?KID=imgbed,tva&Expires=1686727556&ssig=BtTqzb3wZf",é¦™æ¸¯ å…¶ä»–,Tue Jun 13 12:06:15  2023,21å¹´813ï¼Œåª’ä½“ç½‘æš´ï¼Œå²æ— å‰ä¾‹ã€‚
èƒ–è¾¾éšä¾¿æœˆåŠ,"https://tvax3.sinaimg.cn/crop.0.0.512.512.50/008tWSsSly8hexhpf1yxdj30e80e83yt.jpg?KID=imgbed,tva&Expires=1686727556&ssig=YHltORfKma",å…¶ä»–,Tue Jun 13 10:42:55  2023,æ–°é—»ä¸€ç›´æœ‰ï¼Œå£å·ä¸€ç›´å–Šï¼Œä½†ç”šå°‘çœ‹åˆ°å®æ•ˆâ€¦â€¦å¸Œæœ›è¿™ä¸€æ¬¡èƒ½çœŸæ­£çœ‹åˆ°ä¸€äº›è¶‹å¥½çš„è¿¹è±¡
æœˆäº®ç³»å‡ºé€ƒkk_,"https://tvax1.sinaimg.cn/crop.0.0.1080.1080.50/6d41c18cly8hexj0n8dvtj20u00u00un.jpg?KID=imgbed,tva&Expires=1686727556&ssig=NOIOsn5woA",å±±è¥¿,Tue Jun 13 10:40:53  2023,è¯­è¨€æš´åŠ›ä¹Ÿæ˜¯æš´åŠ›ï¼Œåšå†³æŠµåˆ¶ç½‘ç»œæš´åŠ›ï¼Œè¯·è¡ŒåŠ¨èµ·æ¥ï¼Œä¸æ˜¯è¯´è¯´è€Œå·²
æ€ä¹ˆè®©çŸ¥è¯†å¿«é€Ÿè¿›å…¥è„‘å­,"https://tvax4.sinaimg.cn/crop.0.0.350.350.50/008sVE4kly8h1ndn0dylsj309q09qdfw.jpg?KID=imgbed,tva&Expires=1686727556&ssig=LKVZtT66I%2B",é‡åº†,Tue Jun 13 10:37:41  2023,å»ºè®®æŠ“å‡ ä¸ªå…¸å‹ä»é‡å¤„ç†ï¼Œå¦åˆ™æ²¡å‡ ä¸ªäººå½“å›äº‹ã€‚
æ™´ç©ºé›ªå¦,"https://tvax1.sinaimg.cn/crop.0.0.690.690.50/006XbYsaly8fjy4lcrwkfj30j60j6jw0.jpg?KID=imgbed,tva&Expires=1686727556&ssig=wNY3cXHIS%2B",å…¶ä»–,Tue Jun 13 10:39:36  2023,å…ˆæŠŠæœ‰äº›åª’ä½“å’Œè‡ªåª’ä½“æ”¶æ‹¾å»ä¸€ä¸‹ã€‚è¿˜æœ‰èƒ¡é”¡è¿›
çˆ±éœ²éœ²çš„å°¾å·´,"https://tvax2.sinaimg.cn/crop.0.0.131.131.50/008eswURly8gp88942u8tj303n03nwel.jpg?KID=imgbed,tva&Expires=1686727556&ssig=2oKNCdFfQT",å…¶ä»–,Tue Jun 13 10:28:54  2023,å®ç°ç¤¾ä¼šå…¬å¹³æœ€åŸºç¡€çš„æ˜¯å®ç°æ³•æ²»å…¬å¹³ã€‚å¯¹è¿™ä¸€å®è´¨é—®é¢˜è§†è€Œä¸è§ï¼Œè½¬è€Œå¤§è°ˆä½ åˆ†çš„å¤šäº†æˆ‘åˆ†çš„å°‘æŒ‘åŠ¨ç¾¤ä¼—æ–—ç¾¤ä¼—éƒ½æ˜¯ç¤¾ä¼šä¸å…¬å¹³ç°çŠ¶æ—¢å¾—åˆ©ç›Šè€…çš„æ¬²ç›–å¼¥å½°ã€‚
é£’é£’çš„å°æ¤°æœ,"https://tvax1.sinaimg.cn/crop.0.0.1080.1080.50/006YWUeuly8hakgabzjvpj30u00u0q4t.jpg?KID=imgbed,tva&Expires=1686727556&ssig=Mms4G%2BJJ0v",æ±Ÿè‹,Tue Jun 13 10:26:54  2023,æƒ©ç½šåŠ›åº¦è¿˜æ˜¯ä¸å¤Ÿï¼Œä¸æ•¬ç•ä¸è¶³ä»¥çº¦æŸè‡ªå·±ï¼
MMMé˜¿æ¯›MMM,"https://tvax2.sinaimg.cn/crop.0.0.512.512.50/e83a2ad9ly8haalu8bp5sj20e80e8aak.jpg?KID=imgbed,tva&Expires=1686727556&ssig=2fEU9ztxCf",æµ·å¤–,Tue Jun 13 10:45:14  2023,å…ˆæ²»é‚£äº›å¸¦èŠ‚å¥çš„åª’ä½“
ä¸‰å¹´åæ”¹äº†è¿™åå­—,"https://tvax3.sinaimg.cn/crop.0.0.1080.1080.50/bc634a0ely8hbltdlwz3kj20u00u0aei.jpg?KID=imgbed,tva&Expires=1686727556&ssig=Kehz8GjvIY",ä¸Šæµ·,Tue Jun 13 10:37:59  2023,æœ‰è®¤è¯çš„ä¸“ä¸šåª’ä½“å‘è¡¨ä¸å®æ–°é—»ï¼Œæ›´è¦ä»é‡ä»ä¸¥å¤„ç½šã€‚
Luciaæ–,"https://tvax4.sinaimg.cn/crop.0.0.1002.1002.50/00744723ly8gox0bmzumaj30ru0ruad6.jpg?KID=imgbed,tva&Expires=1686727556&ssig=rTFmvdOZiw",æ±Ÿè‹ æ— é”¡,Tue Jun 13 10:26:28  2023,è¿æ³•å¿…ç©¶ï¼Œåšå†³æŠµåˆ¶ç½‘ç»œæš´åŠ›
éƒ‘å·é“è·¯,"https://tvax4.sinaimg.cn/crop.0.0.1080.1080.50/0024SXpLly8h8vo6zi588j60u00u0q5h02.jpg?KID=imgbed,tva&Expires=1686727556&ssig=AQsQ4HTwrr",æ²³å—,Tue Jun 13 11:08:02  2023,#éƒ‘åœ¨åˆ†äº«# ç½‘ç»œæš´åŠ›è¿æ³•çŠ¯ç½ªåº”å½“ä¾æ³•ä¸¥è‚ƒè¿½ç©¶ã€æ–°åæ—¶è¯„ï¼šä¸ºæƒ©æ²»ç½‘ç»œæš´åŠ›è¿›ä¸€æ­¥ç»‡å¯†æ³•ç½‘ã€‘
è·å¤æ ¼è‰¾è’‚ä»™å¸ˆ,"https://tvax2.sinaimg.cn/crop.0.0.1008.1008.50/a134f21fly8gxkntuf4w0j20s00s040r.jpg?KID=imgbed,tva&Expires=1686727556&ssig=IMkax9bGij",é’æµ·,Tue Jun 13 10:32:54  2023,å…ˆæŠŠå·å¤§é‚£ä¸ªå¤„ç†ä¸€ä¸‹[åƒç“œ]
èµ°è¿‡å¤§æ¡¥ä¸‹,"https://tvax3.sinaimg.cn/crop.0.0.632.632.50/007RKBrely8h2ch61gzs0j30hk0hkdgm.jpg?KID=imgbed,tva&Expires=1686727557&ssig=jgLawcubBN",åŒ—äº¬,Tue Jun 13 12:50:45  2023,è¿˜æœ‰å¹³å°å•Šï¼æ•´æ²»ç½‘ç»œæš´åŠ›ã€ç½‘ç»œè°£è¨€ã€ç½‘ç»œçŠ¯ç½ªç­‰ç­‰ç­‰ç­‰å¹³å°å¿…é¡»æ˜¯é‡ç‚¹æ˜¯ï¼å¹³å°å¿…é¡»è´Ÿè¿å¸¦è´£ä»»
Â·ç¥ç€é”¡å…°é²œå¥¶,"https://tvax4.sinaimg.cn/crop.0.0.903.903.50/008raNA2ly8h160bcty6sj30p30p30u2.jpg?KID=imgbed,tva&Expires=1686727557&ssig=HYy6ZFnDOG",æµ·å¤–,Tue Jun 13 11:27:36  2023,å–Šäº†ä¸¤å¹´å¤šäº†ä¸€ç‚¹è¡ŒåŠ¨æ²¡æ‹¿å‡ºæ¥ä½ ä»¬ä¸ç´¯æˆ‘ä»¬éƒ½çœ‹è…»äº†ï¼ŒåŠä¸ªå…¸å‹æ¡ˆä¾‹å§ä»¥æ¡ˆæ™®æ³•å§ï¼Œå…‰è¯´ä¸åšè¦ä¸ä½ åˆ«è¯´äº†
è°·å¨œå¨œå¨œ_,"https://tvax3.sinaimg.cn/crop.0.0.1080.1080.50/007uxnkmly8h522xezbw3j30u00u1tdk.jpg?KID=imgbed,tva&Expires=1686727557&ssig=FSulo%2BHqLi",é‡åº† ä¹é¾™å¡åŒº,Tue Jun 13 11:08:12  2023,åª’ä½“å¸¦å¤´ç½‘æš´æ€ä¹ˆå¤„ç†ï¼Ÿ
æˆ‘æœ‰17æ¯…,"https://tvax4.sinaimg.cn/crop.0.0.1080.1080.50/005xEFSwly8he2x2zr85ij30u00u0n02.jpg?KID=imgbed,tva&Expires=1686727557&ssig=UlX1wQpsym",æ²³å—,Tue Jun 13 10:38:21  2023,è¯­è¨€æš´åŠ›ä¹Ÿæ˜¯æš´åŠ›ï¼Œåšå†³æŠµåˆ¶ç½‘ç»œæš´åŠ›
å®³è™«å¤§é˜Ÿå°é˜Ÿé•¿,"https://tvax4.sinaimg.cn/crop.0.0.1008.1008.50/0078nufjly8gc94sply52j30s00s0t9f.jpg?KID=imgbed,tva&Expires=1686727557&ssig=sBCX1qexyc",å¹¿ä¸œ æƒ å·,Tue Jun 13 10:33:39  2023,è¯¬å‘Šè¯½è°¤ä¹Ÿè¦ç®¡ä¸€ç®¡
æŸ³ä¸´å·,"https://tvax3.sinaimg.cn/crop.0.27.310.310.50/cf7c9409ly1ffyqexe4vmj208m0a4mxj.jpg?KID=imgbed,tva&Expires=1686727557&ssig=8fc%2FRdpAD5",ä¸Šæµ· æµ¦ä¸œæ–°åŒº,Tue Jun 13 10:53:32  2023,å››å·å’Œæ­å·å·²ç»æœ‰ä»¿æ•ˆè€…äº†ï¼Œå¿…é¡»ä¸¥æƒ©[æ€’]
ä½ çš„å¥½å‹ç³ç³å·²ä¸Šçº¿,"https://tvax3.sinaimg.cn/crop.0.0.1002.1002.50/001QqY9cly8gu94sec5gsj60ru0rut9t02.jpg?KID=imgbed,tva&Expires=1686727557&ssig=CH5LkM5l5x",æ±Ÿè‹,Tue Jun 13 13:17:13  2023,äº’è”ç½‘æ²¡æœ‰å±€å¤–äººï¼Œå¦‚æœä»»ç”±ç½‘ç»œæš´åŠ›è”“å»¶ã€æˆ¾æ°”æ¨ªè¡Œï¼Œæ¯ä¸ªäººéƒ½æœ‰å¯èƒ½æˆä¸ºä¸‹ä¸€ä¸ªå—å®³è€…ã€‚è¿˜ä¼šä¸¥é‡å½±å“ç¤¾ä¼šå…¬ä¼—å®‰å…¨æ„Ÿã€‚[good][æ‰“call][æ‰“call][æ‰“call]
è°œå„¿ä¹…ä¹…,"https://tvax3.sinaimg.cn/crop.0.0.771.771.50/658da563ly1h8hdbtkd0cj20lf0lfwgr.jpg?KID=imgbed,tva&Expires=1686727557&ssig=DMiPljx%2Ftx",æ²³åŒ—,Tue Jun 13 11:22:36  2023,æœŸå¾…æ—©æ—¥èƒ½æœ‰ç»†è‡´çš„æ³•å¾‹æ³•è§„å‡ºæ¥ï¼Œå½“ç„¶ä¹Ÿå¸Œæœ›å„åœ°èƒ½ä¾æ³•å¤„ç½®ï¼Œåˆ«æä»€ä¹ˆç‰¹æ®Šå¾…é‡ã€‚
ä»Šå¹´çš„å†¬å¤©ä¼šä¸‹é›ªM,"https://tvax4.sinaimg.cn/crop.0.0.1080.1080.50/d55c3248ly8h7jgp6htknj20u00u0wju.jpg?KID=imgbed,tva&Expires=1686727557&ssig=4ouYnO6%2B7Y",æµ™æ±Ÿ,Tue Jun 13 11:07:35  2023,æ–‡æ˜ä¸Šç½‘
-17-æ¨‚æ¨‚,"https://tvax2.sinaimg.cn/crop.0.0.1080.1080.50/0083EJN1ly8he9ovk9ullj30u00u0gqp.jpg?KID=imgbed,tva&Expires=1686727557&ssig=u14%2BufKK1j",æ²³å— éƒ‘å·,Tue Jun 13 10:50:40  2023,åšå†³æŠµåˆ¶ç½‘ç»œæš´åŠ›
ä¸™çƒ¯è…ˆä¸“ä¸šæˆ·,"https://tvax3.sinaimg.cn/crop.0.0.996.996.50/63d905c7ly8gq0zl8lixmj20ro0rojt9.jpg?KID=imgbed,tva&Expires=1686727557&ssig=brArVADoRb",æ²³å—,Tue Jun 13 10:48:37  2023,è¿½è´£
æ˜Ÿè½å¦‚é›¨æ— äººå¯çŸ¥,"https://tvax4.sinaimg.cn/crop.0.0.1080.1080.50/006y3u1Ply8heq5mw8agyj30u00u0n1d.jpg?KID=imgbed,tva&Expires=1686727557&ssig=8MpM%2FGAbdm",æ±Ÿè¥¿ æ™¯å¾·é•‡,Tue Jun 13 12:28:27  2023,å¸Œæœ›ä¸€åˆ‡å˜å¥½
å‡è‚¥èµšé’±çˆ±è¶…è¶…,"https://tvax2.sinaimg.cn/crop.0.0.500.500.50/6d10c233ly8hdnkwuz77fj20dw0dwwew.jpg?KID=imgbed,tva&Expires=1686727557&ssig=nZOt4193WW",å…¶ä»–,Tue Jun 13 11:58:28  2023,æŠµåˆ¶ç½‘ç»œæš´åŠ›ï¼ŒæŠµåˆ¶æ¶æ„é€ è°£
è‹¥æ¢…å‡Œå¯’èˆ511,"https://tvax2.sinaimg.cn/crop.0.0.1080.1080.50/006WuBq6ly8hdt4z6sx9ej30u00u0tat.jpg?KID=imgbed,tva&Expires=1686727557&ssig=TjzsqJSk%2F6",å±±ä¸œ æµå—,Tue Jun 13 15:24:29  2023,è½å®å§[ä½œæ–]ç‰¹å¤§ç½‘æš´å…¸å‹æ¡ˆä¾‹å¸Œæœ›æ—©æ—¥ç«‹æ¡ˆå…¬è¯‰å½»æŸ¥[ä½œæ–]
é•¿ä¹ä¿¡éƒ½,"https://tvax2.sinaimg.cn/crop.0.0.720.720.50/008w1TS0ly8h8bq08gke8j30k00k0763.jpg?KID=imgbed,tva&Expires=1686727557&ssig=qCeIPbXyhA",å±±ä¸œ,Tue Jun 13 10:53:14  2023,ç½‘ç»œæš´åŠ›å’Œé€ è°£æ±¡è”‘å¾ˆå®¹æ˜“ç»™å½“äº‹äººçš„ç¤¾äº¤å’Œæ­£å¸¸ç”Ÿæ´»å¸¦æ¥æå¤§çš„å›°æ‰°ï¼Œå¯¹å½“äº‹äººç²¾ç¥æ‰“å‡»å¾ˆå¤§ã€‚æ³•é™¢åº”è¯¥å……åˆ†è€ƒè™‘â€œè¢«ç¤¾æ­»â€çš„æŸå¤±å’Œé‡åˆ‘ã€‚
æˆ‘çœ‹åˆ°äº†ç»ˆæ,"https://tvax2.sinaimg.cn/crop.0.0.512.512.50/9f17c1e8ly8g5cx3i876lj20e80e8dgf.jpg?KID=imgbed,tva&Expires=1686727557&ssig=Elc8FjgQ%2FE",é™•è¥¿ è¥¿å®‰,Tue Jun 13 10:42:41  2023,@å››å·å¤§å­¦
æˆ‘å°±æ˜¯é’æŸ æª¬å•Š,"https://tvax3.sinaimg.cn/crop.0.0.996.996.50/007X1oPFly8gh052fafbbj30ro0roq6r.jpg?KID=imgbed,tva&Expires=1686727557&ssig=%2BvUb7hh1Y6",å†…è’™å¤,Tue Jun 13 22:54:39  2023,ç²‰å‘å¥³ç”Ÿçš„äº‹è¿˜æœ‰äººè®°å¾—å—
Bumbo123456,"https://tvax3.sinaimg.cn/crop.0.0.750.750.50/007YH7GRly8gv13hpv6zkj60ku0kujrw02.jpg?KID=imgbed,tva&Expires=1686727557&ssig=kirkYYFFZj",é¦™æ¸¯ å…¶ä»–,Tue Jun 13 12:45:23  2023,è«‹é—œæ³¨å„å¤§å¹³å°æ•£æ’­è™æ®ºå‹•ç‰©çš„è¦–é »ï¼Œåš´æ‡²æ–½è™è€…åŠå‚³æ’­è€…ã€‚å‹æ„›å’Œè«§çš„ç¤¾æœƒä¸å®¹æ­¤ç­‰æ³¯æ»…äººæ€§çš„è¡Œç‚ºï¼Œåš´é‡å½±éŸ¿æ­£å¸¸äººçš„èº«å¿ƒå¥åº·ã€‚[å¿ƒ][ä½œæ–]@æ–°åç¤¾
2022å¿ƒçµä¹‹æ—…love,"https://tvax3.sinaimg.cn/crop.0.0.581.581.50/008uFZduly8het0j25r84j30g50g5gmn.jpg?KID=imgbed,tva&Expires=1686727557&ssig=MZX7a4lwMU",è¾½å®,Tue Jun 13 11:33:15  2023,èƒ½ä¸èƒ½å…ˆæŠŠä¸€äº›åª’ä½“æŸ¥ä¸€ä¸‹ï¼Œæœ‰äº›åª’ä½“ä¸è´Ÿè´£ä»»ï¼Œä¸ç»è¿‡è°ƒæŸ¥ï¼Œéšä¾¿è½¬å‘ç‚¹è¯„ï¼ŒåŠ å‰§ç½‘æš´
å¼€æ°´äººç”ŸèŒ¶,"https://tvax4.sinaimg.cn/crop.0.0.1080.1080.50/008xafBply8hanbiscy2oj30u00u0dh2.jpg?KID=imgbed,tva&Expires=1686727557&ssig=CaNn46R3rC",å››å·,Tue Jun 13 11:26:41  2023,ç‰¹åˆ«æ˜¯è‡ªåª’ä½“å’Œä¸‰æµå°æŠ¥åª’ä½“ï¼Œäººè¡€é¦’å¤´æ˜¯å®¶å¸¸ä¾¿é¥­
æˆ‘çˆ±manmanfi,"https://tvax1.sinaimg.cn/crop.0.0.1080.1080.50/008tpgVYly8h2p19zix9xj30u00u075n.jpg?KID=imgbed,tva&Expires=1686727558&ssig=%2BVuJ4Q6HL%2F",å…¶ä»–,Tue Jun 13 11:22:27  2023,å¸Œæœ›åœ¨æ³•æ²»èƒ½åœ¨æŸäº›éƒ¨é—¨ï¼ŒæŸäº›åª’ä½“å½»åº•å¤±å»å…¬ä¿¡åŠ›ä¹‹å‰ï¼Œå°½å¿«å‡ºæ‰‹ï¼Œå°‘å–Šå£å·[æŒ–é¼»][æŒ–é¼»]
å„¿ç§‘é™ˆåŒ»ç”Ÿ,"https://tva2.sinaimg.cn/crop.0.0.180.180.50/c34ed037jw1e8qgp5bmzyj2050050aa8.jpg?KID=imgbed,tva&Expires=1686727558&ssig=g5qxB7fivq",å…¶ä»–,Tue Jun 13 11:01:03  2023,æ”¯æŒ
Noyuah-Favorhao,"https://tvax4.sinaimg.cn/crop.0.0.1080.1080.50/0070Kryvly8hethbv80zij30u00u076f.jpg?KID=imgbed,tva&Expires=1686727558&ssig=fqkwkoxx5I",å››å·,Tue Jun 13 22:07:07  2023,æ•´æ²»å¹³å° æ‹’ç»ç½‘è·¯æš´åŠ› æ— ç«¯é€ è°£ï¼
çˆ±ä¿¡é˜³,"https://tvax2.sinaimg.cn/crop.0.0.404.404.50/ec496246ly8gdi6zs4rz5j20b90b8wgt.jpg?KID=imgbed,tva&Expires=1686727558&ssig=4LMsOrXx3u",æ²³å— ä¿¡é˜³,Tue Jun 13 20:32:58  2023,æƒ©æ²»ç½‘ç»œæš´åŠ›ï¼Œè¦æ‰ç´§æ³•å¾‹çš„ç¯±ç¬†ã€åˆ¶åº¦çš„ç¬¼å­ã€‚
æ¸…é£æ˜æœˆæ˜æœˆå¤œ,"https://tvax2.sinaimg.cn/crop.0.0.1080.1080.50/008t7FWzly8h2iinst0uqj30u00u0442.jpg?KID=imgbed,tva&Expires=1686727558&ssig=boQrYjFk2A",å…¶ä»–,Tue Jun 13 17:44:38  2023,å•¥æ—¶å€™ä¸¥æƒ©ï¼Œä¸è¦è€å–Šå£å·ã€‚è¿˜æœ‰å®˜åª’ï¼Œå°¤å…¶å¸¦èŠ‚å¥çš„å®˜åª’
å¨±ä¹æ€ä¹ˆä¹,"https://tvax2.sinaimg.cn/crop.0.0.1080.1080.50/006wlp0Ily8gti5b14hy0j30u00u074u.jpg?KID=imgbed,tva&Expires=1686727558&ssig=OqOXCR2CbY",åŒ—äº¬,Tue Jun 13 15:33:52  2023,ç½‘ç»œå„å¹³å°å®ååˆ¶å¾ˆéš¾è½å®ï¼Ÿ@æ–°åç¤¾ @äººæ°‘æ—¥æŠ¥
å¾å·åŒåŸä¼š,"https://tvax2.sinaimg.cn/crop.0.0.1002.1002.50/69af1c70ly8h0pakv6b0tj20ru0ru3zv.jpg?KID=imgbed,tva&Expires=1686727558&ssig=g629qAu6wI",æ±Ÿè‹,Tue Jun 13 14:54:59  2023,#ç½‘ç»œæš´åŠ›è¿æ³•çŠ¯ç½ªåº”å½“ä¾æ³•ä¸¥è‚ƒè¿½ç©¶#
ä¼ è¯´ä¸­çš„å¥³ç½‘è­¦,"https://tva2.sinaimg.cn/crop.0.0.180.180.50/732dd4c9jw1e8qgp5bmzyj2050050aa8.jpg?KID=imgbed,tva&Expires=1686727558&ssig=nP9wUCIFHD",åŒ—äº¬ ä¸œåŸåŒº,Tue Jun 13 11:57:35  2023,#å¥³ç½‘è­¦è¯´#æ–°åæ—¶è¯„ï¼š#ä¸ºæƒ©æ²»ç½‘ç»œæš´åŠ›è¿›ä¸€æ­¥ç»‡å¯†æ³•ç½‘#
_äº‘æ—¶é›¨_,"https://tvax1.sinaimg.cn/crop.0.0.512.512.50/c1b09d37ly8go7k8jjpmmj20e80e80x1.jpg?KID=imgbed,tva&Expires=1686727558&ssig=uGQQmcE2Ly",å…¶ä»–,Tue Jun 13 11:56:22  2023,åƒç±»ä¼¼åœ°é“å·æ‹äº‹ä»¶ï¼Œä¸€å®šè¦æœ‰äººè¿›æ©˜å­åƒç‰¢é¥­ï¼
æ¹–ç•”-å¸ƒè¡£,"https://tvax4.sinaimg.cn/crop.0.0.1024.1024.50/599f3da6ly8h9lx5pinu5j20sg0sgq6s.jpg?KID=imgbed,tva&Expires=1686727558&ssig=NTpPTC%2BMMp",æ²³å— è®¸æ˜Œ,Tue Jun 13 11:40:45  2023,#ç½‘ç»œæš´åŠ›è¿æ³•çŠ¯ç½ªåº”å½“ä¾æ³•ä¸¥è‚ƒè¿½ç©¶#ã€æ–°åæ—¶è¯„ï¼š#ä¸ºæƒ©æ²»ç½‘ç»œæš´åŠ›è¿›ä¸€æ­¥ç»‡å¯†æ³•ç½‘#ã€‘
ä¼ åª’ç•Œå…‰å“¥,"https://tvax4.sinaimg.cn/crop.0.0.1080.1080.50/66208ed9ly8hdgt8leqlej20u00u00xv.jpg?KID=imgbed,tva&Expires=1686727558&ssig=1RJzCGcnL2",å…¶ä»–,Tue Jun 13 11:37:36  2023,#ç½‘ç»œæš´åŠ›è¿æ³•çŠ¯ç½ªåº”å½“ä¾æ³•ä¸¥è‚ƒè¿½ç©¶#ã€æ–°åæ—¶è¯„ï¼š#ä¸ºæƒ©æ²»ç½‘ç»œæš´åŠ›è¿›ä¸€æ­¥ç»‡å¯†æ³•ç½‘#ã€‘â€œå¯¹äºç½‘ç»œæš´åŠ›è¿æ³•çŠ¯ç½ªï¼Œåº”å½“ä¾æ³•ä¸¥è‚ƒè¿½ç©¶ï¼Œåˆ‡å®çŸ«æ­£â€˜æ³•ä¸è´£ä¼—â€™é”™è¯¯å€¾å‘ã€‚è¦é‡ç‚¹æ‰“å‡»æ¶æ„å‘èµ·è€…ã€ç»„ç»‡è€…ã€æ¨æ³¢åŠ©æ¾œè€…ä»¥åŠå±¡æ•™ä¸æ”¹è€…â€¦â€¦â€çœŸæ­£ç½‘æš´è¡Œä¸ºåº”è¯¥ä¸¥æƒ©ï¼Œå¯¹æ›å…‰å¤±å¾·äººå‘˜çš„å…¬ç›Šæ›å…‰åº”è¯¥æ”¯æŒ#å››å·å¤§å­¦# 
-æ‘˜æ˜Ÿæ˜Ÿç»™ä½ å•¦,"https://tvax3.sinaimg.cn/crop.0.0.1080.1080.50/006jZybXly8hdx21ju3g9j30u00u0wgg.jpg?KID=imgbed,tva&Expires=1686727558&ssig=yF0ksB3CtI",æ²³å—,Tue Jun 13 10:45:37  2023,å»ºè®®åŠ å¤§æ•´æ²»åŠ›åº¦ï¼Œè¿æ³•å¿…ç©¶
-ä¸€ç‰‡è”šè“-,"https://tvax4.sinaimg.cn/crop.0.0.828.828.50/5117cccfly8gjmq4m68fqj20n00n00uk.jpg?KID=imgbed,tva&Expires=1686727558&ssig=IxiNWOLqD9",å››å· æˆéƒ½,Tue Jun 13 10:41:31  2023,@å››å·å¤§å­¦
TAG-PINGP,"https://tvax4.sinaimg.cn/crop.0.0.960.960.50/006EWYnKly8hbpf3p6x9lj30qo0qoq65.jpg?KID=imgbed,tva&Expires=1686727558&ssig=FS2i7gutLu",æ¹–å— é•¿æ²™,Tue Jun 13 10:35:24  2023,æœ›å°½æ—©å®Œå–„[ä½œæ–]
é£é›…æ’ä¿—äºº,"https://tvax3.sinaimg.cn/crop.0.0.960.960.50/a663b541ly8hd6ajuyfltj20qo0qoq5j.jpg?KID=imgbed,tva&Expires=1686727558&ssig=7trkg5zOZB",è¾½å®,Tue Jun 13 10:30:23  2023,æ”¯æŒ[è€å¸ˆå¥½]æŠµåˆ¶ç½‘æš´ï¼Œç½‘æš´ä¹Ÿæ˜¯ä¸€ç§â€œè°‹æ€â€
è½å¢¨çµé­‚,"https://tva3.sinaimg.cn/crop.0.0.180.180.50/3e9c466djw1e8qgp5bmzyj2050050aa8.jpg?KID=imgbed,tva&Expires=1686727558&ssig=naViJI0Nye",å…¶ä»–,Tue Jun 13 10:30:13  2023,é—®é¢˜åœ¨äºï¼Œè¦å‡ºäº‹ä¹‹åæ‰ä¼šè¡ŒåŠ¨å§ã€‚æ‰€ä»¥å¾—å…ˆè¡ŒåŠ¨èµ·æ¥ï¼Œåˆ«åœ¨è®©æ„å¤–å‘ç”Ÿã€‚ã€‚ã€‚
ä¿±æ°´æµ,"https://tvax1.sinaimg.cn/crop.0.0.1080.1080.50/aa1d47a4ly8h3m2hyzqf5j20u00u0wf7.jpg?KID=imgbed,tva&Expires=1686727558&ssig=5XUDpM%2FGYe",å…¶ä»–,Tue Jun 13 10:28:16  2023,ä»£ä»·å¤Ÿé‡æ‰çŸ¥é“ç—›ã€‚
å…‹æ—åªæœ‰ç¡è§‰çš„æ—¶å€™ä¸å›°_,"https://tvax2.sinaimg.cn/crop.0.0.512.512.50/008sanmJly8hdvpcoz28pj30e80e8wfb.jpg?KID=imgbed,tva&Expires=1686727558&ssig=kV7xmDOAZD",é‡åº†,Tue Jun 13 10:26:21  2023,ä¸çŸ¥é“é‚£äº›äººèƒ½ä¸èƒ½çœ‹æ‡‚
å°±è¦å…»å°çŒ«å°±è¦å…»å°çŒ«,"https://tvax1.sinaimg.cn/crop.0.0.1080.1080.50/006PQQzvly8h7f36iceo6j30u00u0q5k.jpg?KID=imgbed,tva&Expires=1686727558&ssig=xN%2FUDrUfld",å±±ä¸œ é’å²›,Tue Jun 13 10:26:31  2023,å–Šå¾—çœŸå“ï¼Œè¯´çš„çœŸå¥½ï¼Œé¼“æŒğŸ‘ğŸ‘ğŸ‘
æ˜“é_,"https://tva3.sinaimg.cn/crop.0.0.720.720.50/e5dfab81jw8er0g71tvhcj20k00k0wh5.jpg?KID=imgbed,tva&Expires=1686727558&ssig=63VTiF8ZDz",å…¶ä»–,Wed Jun 14 09:46:34  2023,å…ˆæ²»é‚£äº›å¸¦èŠ‚å¥çš„åª’ä½“
dgdczm2005,"https://tvax1.sinaimg.cn/crop.0.0.996.996.50/0067hqSMly8gctup56xflj30ro0romza.jpg?KID=imgbed,tva&Expires=1686727559&ssig=fz%2Br7ofjrx",å¹¿ä¸œ,Wed Jun 14 08:59:06  2023,å¸Œæœ›åª’ä½“è‡ªé‡ï¼Œç‰¢è®°åª’ä½“ä½¿å‘½ï¼Œä¸è¦ä¸ºäº†æµé‡æ¨æ³¢åŠ©æ¾œã€‚
ç†™ç†™å¥¶ç”œå¥¶ç”œ,"https://tvax4.sinaimg.cn/crop.0.0.452.452.50/006dOJJPly8he0jkhazkgj30ck0ckwep.jpg?KID=imgbed,tva&Expires=1686727559&ssig=h0znLLaGet",å…¶ä»–,Wed Jun 14 08:05:18  2023,æ•´é¡¿ä¸æ­£ä¹‹é£
å‡Œå‡Œ202306,"https://tvax4.sinaimg.cn/crop.0.0.118.118.50/008wX5nIly8het3qvvsejj303a03aa9t.jpg?KID=imgbed,tva&Expires=1686727559&ssig=oNyLUcx2b4",åŒ—äº¬,Tue Jun 13 22:27:40  2023,åç­‰è¯½è°¤å¤§å”çš„å¼ æŸè¢«å…¬è¯‰
å—¯å“¼å—¯å“¼-198007,"https://tvax4.sinaimg.cn/crop.0.0.1080.1080.50/008vyfYcly8h72emmtpioj30u00u0tc7.jpg?KID=imgbed,tva&Expires=1686727559&ssig=sqwR2ZpSN4",å…¶ä»–,Tue Jun 13 19:23:04  2023,äº‹å®æ¸…æ¥šå¯æŸ¥ï¼Œä½ å‘¼åä¸€ä¸‹èµ¶ç´§å…¬å¸ƒå¤„ç½šç»“æœå•Šã€‚[doge][doge][doge]ï¼Œç½‘ç»œæš´åŠ›æ˜¯å¥³ç ”ç©¶ç”Ÿå‘èµ·çš„ï¼Œç°åœ¨å¥¹åœ¨ç½‘ç»œä¸Šè¢«äººè®¨è®ºä¸€æ¬¡éƒ½æ˜¯ç”±äºå¥¹å½“åˆåšçš„äº‹æƒ…ï¼Œä¸€ä¸ªç ”ç©¶ç”Ÿï¼Œè‡ªå·±åšäº‹è‡ªå·±æ‰¿æ‹…ï¼Œä½ å‘åˆ°ç½‘ä¸Šä½ å°±è¦æ‰¿æ‹…åæœå“¦[doge][doge][doge]
å±•å°‘ä¾ åœ¨æ±Ÿæ¹–,"https://tva1.sinaimg.cn/crop.0.0.664.664.50/d3c0f809jw8f2ysbynj42j20ig0igq4r.jpg?KID=imgbed,tva&Expires=1686727559&ssig=5ZmauTmvcS",å®‰å¾½ äº³å·,Tue Jun 13 18:02:50  2023,é¦–å…ˆç°åœ¨çš„åª’ä½“ä¸ºäº†æµé‡ ä¸€ç‚¹ä¸‹çº¿éƒ½æ²¡äº†  è§†é¢‘æå¤´å»å°¾ æ–°é—»çœŸå®æ€§ä¸æ ¸å®
é™•è¥¿é«˜é™¢,"https://tvax3.sinaimg.cn/crop.0.0.179.179.50/e92d8eadly8h8vgpyl1qvj204z04zzka.jpg?KID=imgbed,tva&Expires=1686727559&ssig=GRklgCXV3X",é™•è¥¿,Tue Jun 13 17:09:01  2023,#ç½‘ç»œæš´åŠ›è¿æ³•çŠ¯ç½ªåº”å½“ä¾æ³•ä¸¥è‚ƒè¿½ç©¶#ã€æ–°åæ—¶è¯„ï¼š#ä¸ºæƒ©æ²»ç½‘ç»œæš´åŠ›è¿›ä¸€æ­¥ç»‡å¯†æ³•ç½‘#ã€‘
å°é¾™åŒå­¸320,"https://tvax2.sinaimg.cn/crop.0.0.1078.1078.50/0068ry4Ply8h6omd3mm78j30ty0tytbh.jpg?KID=imgbed,tva&Expires=1686727559&ssig=XUeCM7WIOa",æ²³å— éƒ‘å·,Tue Jun 13 16:58:32  2023,@èƒ¡é”¡è¿›
ç²¾å½©æ´›é˜³,"https://tvax2.sinaimg.cn/crop.0.0.600.600.50/002j9qmIly8h8vgcxxniqj60go0gotag02.jpg?KID=imgbed,tva&Expires=1686727559&ssig=w9K8y8VLtm",æ²³å—,Tue Jun 13 16:57:38  2023,å…³æ³¨
å¤§ç†ç½—ä¼šæ‰,"https://tvax4.sinaimg.cn/crop.0.0.512.512.50/006srPz4ly8h28fa199qsj30e80e8wf6.jpg?KID=imgbed,tva&Expires=1686727559&ssig=DXiTUeY3Ys",å¹¿ä¸œ å¹¿å·,Tue Jun 13 16:47:23  2023,è‰¯è¨€ä¸€å¥ä¸‰å†¬æš–ï¼Œæ¶è¯­ä¼¤äººå…­æœˆå¯’ã€‚ç½‘æš´ç¦»ä½ æˆ‘å¹¶ä¸é¥è¿œï¼Œæƒ©æ²»ç½‘ç»œæš´åŠ›éœ€è¦ä»ä½ æˆ‘åšèµ·ï¼Œä¾æ³•ä¸Šç½‘ã€æ–‡æ˜ä¸Šç½‘ï¼Œå…±åŒæŠµåˆ¶ç½‘ç»œæš´åŠ›ï¼Œå…±åŒå»ºè®¾ç¾å¥½å’Œè°çš„ç½‘ä¸Šå®¶å›­ã€‚#ç½‘ç»œæš´åŠ›è¿æ³•çŠ¯ç½ªåº”å½“ä¾æ³•ä¸¥è‚ƒè¿½ç©¶#
å¸Œæœ›å¸Œå¿˜,"https://tvax1.sinaimg.cn/crop.0.0.702.702.50/006b6mqRly8he9lxikjmcj30ji0jijse.jpg?KID=imgbed,tva&Expires=1686727559&ssig=KZPat6rug6",å…¶ä»–,Tue Jun 13 15:46:01  2023,å¸Œæœ›å°½å¿«çœ‹åˆ°è¡ŒåŠ¨æªæ–½
ç»Ÿå€­æœæœç­ç¾å¯‡,"https://tvax3.sinaimg.cn/crop.0.0.1002.1002.50/6c80f70cly8gv2hv9funtj20ru0rudhb.jpg?KID=imgbed,tva&Expires=1686727559&ssig=XizueVAp5s",å››å·,Tue Jun 13 15:43:28  2023,ï¼Ÿï¼Ÿï¼Ÿæ‰“æ‹³çš„ä¸æ•´æ²»ï¼Ÿ
é™ˆæ‹¾ä¸æ˜¯é™ˆå,"https://tvax3.sinaimg.cn/crop.0.0.254.254.50/007gQM9dly8hcdfdpciuij3072072q30.jpg?KID=imgbed,tva&Expires=1686727559&ssig=rXIQ8cJlwt",å¹¿ä¸œ,Tue Jun 13 15:06:28  2023,çœ‹çœ‹ä½“è‚²åœˆå•Šï¼Œè¿åŠ¨å‘˜è¢«é€ è°£ã€è¯­è¨€ä¾®è¾±ã€ç½‘æš´ï¼Œåˆ«åªè¯´ä¸åš
çŸ³å¤´å‰ªåˆ€å¸ƒäººç”Ÿ,"https://tvax2.sinaimg.cn/crop.0.0.663.663.50/0085kVfaly8h1xvsym2c9j30if0ifaaw.jpg?KID=imgbed,tva&Expires=1686727559&ssig=cijSuAO%2FRT",ä¸Šæµ·,Tue Jun 13 14:57:28  2023,æ¯’æ•™æå‘¢ï¼Ÿï¼Ÿï¼Ÿï¼Ÿï¼Ÿï¼Ÿ
çŒ®å¿æ³•é™¢,"https://tva4.sinaimg.cn/crop.1.6.173.173.50/ec5dffa0tw1ecpzjkeux3j205005074o.jpg?KID=imgbed,tva&Expires=1686727559&ssig=F5lHlWQlvg",æ²³åŒ— æ²§å·,Tue Jun 13 14:45:12  2023,ä¾æ³•ä¸Šç½‘ã€æ–‡æ˜ä¸Šç½‘ï¼Œå…±åŒæŠµåˆ¶ç½‘ç»œæš´åŠ›ï¼Œå…±åŒå»ºè®¾ç¾å¥½å’Œè°çš„ç½‘ä¸Šå®¶å›­ã€‚#åˆ˜é‘«ä¸æœäºŒå®¡åˆ¤å†³ç”³è¯·å†å®¡# 
æ˜¯éé¢˜zyq,"https://tvax1.sinaimg.cn/crop.0.0.1080.1080.50/008ey7WFly8h8plvzjr3lj30u00u0wi3.jpg?KID=imgbed,tva&Expires=1686727559&ssig=cSatwfQyrt",å…¶ä»–,Tue Jun 13 14:44:48  2023,è¿˜æœ‰æ¥æ€»è¿™é‡Œä»€ä¹ˆæ—¶å€™æ•´é¡¿ï¼Ÿæ¥æ€»å¸¦èŠ‚å¥ç®¡ä¸ç®¡ï¼Ÿ
å®‰å¦®Â·é˜¿å°”å¼—é›·å¾·Â·é˜¿å¾·å‹’,"https://tvax1.sinaimg.cn/crop.0.0.1002.1002.50/0080sYxTly8g993q1boktj30ru0ru75z.jpg?KID=imgbed,tva&Expires=1686727559&ssig=MveEEkmhGn",å¹¿ä¸œ,Tue Jun 13 14:42:38  2023,å…ˆå°†å·å¤§è¿™ä¸ªå¥³ç”Ÿæ³•åŠäº†[åƒç“œ]
çœŸç³»å˜æˆè€å‘å…¬,"https://tvax2.sinaimg.cn/crop.9.0.942.942.50/e5111794ly8gni6eee6omj20qo0q6wh2.jpg?KID=imgbed,tva&Expires=1686727559&ssig=0fjOXzMZfK",å¹¿ä¸œ å¹¿å·,Tue Jun 13 14:30:06  2023,æ‰§è¡ŒåŠ›è¦è·Ÿå¾—ä¸Šå•Šï¼Œå…ˆä»å·å¤§å¼€å§‹[èµ]
1304and317,"https://tvax2.sinaimg.cn/crop.0.0.986.986.50/54b0e6dely8gwnms8hzt0j20re0retb2.jpg?KID=imgbed,tva&Expires=1686727559&ssig=POrBW4gcNn",æ¹–åŒ— æ­¦æ±‰,Tue Jun 13 14:05:20  2023,ä¸¥æƒ©ç½‘çº¢å¯¹å…¶ä»–äººçš„ç½‘æš´
åªå–ç‘å¹¸é™¨çŸ³æ‹¿é“,"https://tvax2.sinaimg.cn/crop.0.0.511.511.50/006EbZtwly8h5hkejoct2j30e70e7dg8.jpg?KID=imgbed,tva&Expires=1686727559&ssig=YLg%2FJPSWlm",åŒ—äº¬,Tue Jun 13 13:39:29  2023,å¼€é™¤å¼ æŸå•Š å…‰å–Šå£å·äº†
å…¬ç›Šæ—¶æŠ¥,"https://tvax4.sinaimg.cn/crop.0.0.500.500.50/701faf69ly8h8w4pjvje3j20dw0dwt97.jpg?KID=imgbed,tva&Expires=1686727559&ssig=cCmJYeRP95",åŒ—äº¬ æœé˜³åŒº,Tue Jun 13 13:15:28  2023,#ç½‘ç»œæš´åŠ›è¿æ³•çŠ¯ç½ªåº”å½“ä¾æ³•ä¸¥è‚ƒè¿½ç©¶#ã€æ–°åæ—¶è¯„ï¼š#ä¸ºæƒ©æ²»ç½‘ç»œæš´åŠ›è¿›ä¸€æ­¥ç»‡å¯†æ³•ç½‘#ã€‘è¿‘æ—¥ï¼Œæœ€é«˜äººæ°‘æ³•é™¢ã€æœ€é«˜äººæ°‘æ£€å¯Ÿé™¢ã€å…¬å®‰éƒ¨èµ·è‰çš„ã€Šå…³äºä¾æ³•æƒ©æ²»ç½‘ç»œæš´åŠ›è¿æ³•çŠ¯ç½ªçš„æŒ‡å¯¼æ„è§ï¼ˆå¾æ±‚æ„è§ç¨¿ï¼‰ã€‹äº®ç›¸ï¼Œå½°æ˜¾å¸æ³•æœºå…³ã€æ‰§æ³•éƒ¨é—¨ä¾æ³•æƒ©æ²»ç½‘ç»œæš´åŠ›è¿æ³•çŠ¯ç½ªçš„å†³å¿ƒï¼Œåšå®šäº†å…¨ç¤¾ä¼šæ‰“å‡»ç½‘æš´çš„ä¿¡å¿ƒã€‚
å¤•è‰²ç‰ç’ƒAnne,"https://tvax2.sinaimg.cn/crop.0.0.1003.1003.50/005MPoqMly8heo8xpddu9j30rv0rvjs2.jpg?KID=imgbed,tva&Expires=1686727560&ssig=oZc0apniDd",æ²³å— éƒ‘å·,Tue Jun 13 13:06:43  2023,å¤ä»£åˆ‘æ³•è™½ç„¶æ®‹æš´ï¼Œç¡®å®æœ‰å­˜åœ¨çš„é“ç†ã€‚
æ°´è²ä¸å‘èŠ½,"https://tvax2.sinaimg.cn/crop.0.0.640.640.50/006jTjgWly8h20wr4jhywj30hs0hswf9.jpg?KID=imgbed,tva&Expires=1686727560&ssig=EKAquP4AD3",å…¶ä»–,Tue Jun 13 12:58:56  2023,å¸Œæœ›èƒ½è½åˆ°å®å¤„ï¼Œåˆ¶å®šå¯æ“ä½œæ€§å¼ºçš„æ³•å¾‹æ³•è§„ï¼Œåªå–ŠæŠ½è±¡æ¨¡ç³Šçš„å£å·æ²¡ä»»ä½•ç”¨å¤„ã€‚
å®‹å£•å£•,"https://tvax3.sinaimg.cn/crop.0.0.1080.1080.50/e7b29ea0ly8gxxgisooo4j20u00u1wgy.jpg?KID=imgbed,tva&Expires=1686727560&ssig=%2FM%2BohxYZjw",åŒ—äº¬ ä¸œåŸåŒº,Tue Jun 13 12:52:52  2023,å·æ‹å…¥åˆ‘ï¼Œæˆ‘çœ‹çœ‹è¿˜æœ‰é‚£ä¹ˆå¤šå·æ‹å—ï¼Ÿ[å¾®ç¬‘]
ä¿å…»å¤´å‘,"https://tvax3.sinaimg.cn/crop.0.0.1002.1002.50/006p5Manly8gkqz4uoxibj30ru0ru74w.jpg?KID=imgbed,tva&Expires=1686727560&ssig=zSF27ywCwB",æµ·å¤–,Tue Jun 13 12:46:00  2023,å¦‚æœä¸€ä¸ªå…šå‘˜æ¶æ„è¯¬é™·ã€æŠ¹é»‘äººæ°‘ç¾¤ä¼—ï¼Œå¹¶å€šä»—è‡ªå·±çš„èµ„æºæ¬ºè´Ÿäººæ°‘ç¾¤ä¼—ï¼Œäººæ°‘ç¾¤ä¼—å¯¹å…¶åæŠ—ï¼Œè¿™ç®—ä¸ç®—ç½‘æš´
å¼€å¿ƒ-æˆ´ç»´,"https://tvax3.sinaimg.cn/crop.0.0.996.996.50/006SizmGly8fzb2o95v6sj30ro0ro771.jpg?KID=imgbed,tva&Expires=1686727560&ssig=Mbxiz9IDKW",å››å·,Tue Jun 13 12:35:40  2023,#ç”µè§†å‰§å…¬è¯‰[è¶…è¯]#æƒ©æ²»ç½‘ç»œçŠ¯ç½ªï¼Œå‡€åŒ–ç½‘ç»œç©ºé—´
å¤¹é¼ ä¸€çª,"https://tvax4.sinaimg.cn/crop.0.0.1071.1071.50/008bOOLJly8h8mtg3zd63j30tr0trjsq.jpg?KID=imgbed,tva&Expires=1686727560&ssig=TxzDAxQsUc",å…¶ä»–,Tue Jun 13 12:31:55  2023,æœ‰æ³•ä¸ä¾ï¼Œæ‰§æ³•ä¸ä¸¥ã€‚å¤©å¤©å–Šå£å·æœ‰ä»€ä¹ˆç”¨ã€‚
å“¥ç‰¹å¼çŒœæƒ³,"https://tva4.sinaimg.cn/crop.0.0.180.180.50/5bbbf296jw1e8qgp5bmzyj2050050aa8.jpg?KID=imgbed,tva&Expires=1686727560&ssig=tcXiVOz11m",é»‘é¾™æ±Ÿ å“ˆå°”æ»¨,Tue Jun 13 12:29:56  2023,å¸Œæœ›åœ¨å¤„ç†ç½‘æš´æ¡ˆä»¶çš„æ—¶å€™å¯ä»¥æ‘’å¼ƒåè§ï¼Œæœ‰æ¡ˆå¿…ç«‹ã€‚å¸Œæœ›è¿™æ¬¡å¯ä»¥é‡ç‚¹é’ˆå¯¹æœ‰ç»„ç»‡ç½‘æš´ï¼Œæœ‰ç»„ç»‡é€ è°£è¯½è°¤ã€‚å¸Œæœ›è¿™æ¬¡å¯ä»¥å¹¿æ³›æ‰“å‡»ç½‘æš´çŠ¯ï¼Œç‰¹åˆ«æ˜¯ç»„ç»‡è€…ï¼Œé‡‘ä¸»ï¼Œæ— è®ºä»–ä»¬èƒŒåæœ‰è°ï¼Ÿå¸Œæœ›è¿™æ¬¡å¯ä»¥é…åˆå—å®³äººæ¢å¤åèª‰ã€‚
ä¸œå—äºšå‚å¦¹å¥¹çˆ¹,"https://tvax4.sinaimg.cn/crop.0.0.1080.1080.50/6bc45e0aly8h30zwxj2igj20u00u00w6.jpg?KID=imgbed,tva&Expires=1686727560&ssig=Xews%2FfYoFy",é¦™æ¸¯ å…¶ä»–,Tue Jun 13 12:01:39  2023,åª’ä½“èƒ¡ä¹±ç‚¹è¯„ï¼Œä¸ä½œè°ƒæŸ¥ï¼Œå…¶å®æ˜¯å¸¦å¤´ç½‘æš´ã€‚
å¼€å°å¸‚å·¡ç‰¹è­¦,"https://tva4.sinaimg.cn/crop.134.56.357.357.50/006dMq0pjw8evyldsbjj3j30hw0erdgz.jpg?KID=imgbed,tva&Expires=1686727560&ssig=2M7lLh2V64",æ²³å—,Tue Jun 13 11:55:10  2023,ã€æ–°åæ—¶è¯„ï¼š#ä¸ºæƒ©æ²»ç½‘ç»œæš´åŠ›è¿›ä¸€æ­¥ç»‡å¯†æ³•ç½‘#ã€‘
æ ¼æ ¼å“ˆçš„ä¸–ç•Œ,"https://tvax1.sinaimg.cn/crop.0.0.896.896.50/8e94a769ly8gvyg72mtrjj20ow0owwfp.jpg?KID=imgbed,tva&Expires=1686727560&ssig=9Zf2jM2DTy",æµ·å¤– å…¶ä»–,Tue Jun 13 11:54:56  2023,æ”¯æŒï¼
ä¼¯ä¼¯ä¸æ€•å‘,"https://tva2.sinaimg.cn/crop.0.0.996.996.50/c42b64ddjw8f5lmzq67mbj20ro0rowgj.jpg?KID=imgbed,tva&Expires=1686727560&ssig=UDrVDS9ZAP",å…¶ä»–,Tue Jun 13 11:50:06  2023,è°çŠ¯æ³•å¤„ç†è°ï¼Œè°é€ è°£å¤„ç†è°ï¼Œè°å’Œç¨€æ³¥å¤„ç†è°
èƒ–å…”çº¸å¤§ç‹_,"https://tvax3.sinaimg.cn/crop.0.0.812.812.50/008vV8Zaly8hcrj4acvp1j30mk0mkwfw.jpg?KID=imgbed,tva&Expires=1686727560&ssig=zSBAxUloN4",é‡åº†,Tue Jun 13 11:49:18  2023,è¿™ä¸ªå£æ„Ÿå–Šäº†å‡ å¹´ï¼Œæœ‰è½å®çš„æ¡ˆä¾‹å—ï¼Ÿ
ç­‰é£æ¥çœ‹å‰§,"https://tvax2.sinaimg.cn/crop.0.0.1080.1080.50/008tYRhlly8h42y12tv7bj30u00u010f.jpg?KID=imgbed,tva&Expires=1686727560&ssig=LbWEb0rC%2FP",å…¶ä»–,Tue Jun 13 11:39:50  2023,è¯­è¨€æš´åŠ›ä¹Ÿæ˜¯æš´åŠ›ï¼Œåšå†³æŠµåˆ¶ç½‘ç»œæš´åŠ›
é¸¢ä¸€æŠ˜çº¸æ˜¯å¥½å­¦ç”Ÿ,"https://tva1.sinaimg.cn/crop.0.0.664.664.50/86356ffdjw8f07d4vayh8j20ig0igmy8.jpg?KID=imgbed,tva&Expires=1686727560&ssig=wsnfm1AjKU",å…¶ä»–,Tue Jun 13 11:34:08  2023,è¦æ±‚ç«‹æ³•ä¸¥æƒ©è¯¬å‘Šï¼Œè¯¬å‘Šä¸€æ—¦åå®ç›´æ¥è®¡å…¥æ¡£æ¡ˆï¼Œé€ è°£ä¼ è°£æºå¤´ä¸€å¾‹åŒæ ·è®ºå¤„ï¼Œä¸ªäººç¤¾äº¤åª’ä½“è´¦å·å…¨éƒ¨å°å·å¹¶ä¸”ç‰¹åˆ«æ ‡çº¢ï¼ŒåŒèº«ä»½è¯ä¸‹æ‰€æœ‰è´¦å·ä¸€å¾‹è®¾ç½®è­¦ç¤ºæ ‡è®°
__æ­¤æ—¶æƒ…ç»ªæ­¤æ—¶å¤©,"https://tvax2.sinaimg.cn/crop.0.0.1080.1080.50/008cdqxUly8hbaxcrsz6fj30u00u0mzb.jpg?KID=imgbed,tva&Expires=1686727560&ssig=6BSXCEprBh",å››å·,Tue Jun 13 11:22:23  2023,ä½ æœ€å¥½æ˜¯çœŸçš„é‡è§†ï¼Œæ”¯æŒç«‹æ³•å…¥åˆ‘
çˆ±åƒçš„çš‡åå¨˜å¨˜é©¾åˆ°,"https://tvax4.sinaimg.cn/crop.0.0.1080.1080.50/0074sgAOly8h3vsfp0gv3j30u00u1taq.jpg?KID=imgbed,tva&Expires=1686727560&ssig=EDxAiqiWSN",è¾½å® é“å²­,Tue Jun 13 11:17:08  2023,å…¥åˆ‘æ³•å§ï¼æ¯ä¸ªäººéƒ½è¦å¯¹è‡ªå·±çš„è¨€è¡Œè´Ÿè´£ï¼
ä¸‰æ— Marblues,"https://tvax1.sinaimg.cn/crop.0.0.1002.1002.50/007vJZpYly8gwqidtgp7ij30ru0ruq5b.jpg?KID=imgbed,tva&Expires=1686727560&ssig=UXu9s1Bkgm",æµ·å¤– è‹±å›½,Tue Jun 13 11:05:19  2023,å¿…é¡»çš„ã€‚ç½‘æš´çš„äººå¿…é¡»ä»˜å‡ºä»£ä»·ï¼ç½‘ç»œä¸æ˜¯æ³•å¤–ä¹‹åœ°ï¼
77777é“›,"https://tvax3.sinaimg.cn/crop.0.0.1080.1080.50/006HePxlly8h72s6lpflkj30u00u0q4v.jpg?KID=imgbed,tva&Expires=1686727560&ssig=YSSWUsPFMG",å…¶ä»–,Tue Jun 13 10:50:22  2023,çœŸå·æ‹çš„ä¸ºä»€ä¹ˆæ²¡äººç®¡å•Š
Viggorli,"https://tva1.sinaimg.cn/crop.0.0.996.996.50/0068hVtsjw8f8hfbkahhaj30ro0rojt7.jpg?KID=imgbed,tva&Expires=1686727560&ssig=zlJ3URk%2FxI",å…¶ä»–,Tue Jun 13 10:48:33  2023,ä¹Ÿå¾—æ³¨é‡æ—¶æ•ˆæ€§ï¼Œç½‘æš´è¿™ç©æ„å’Œä¼ ç»ŸçŠ¯ç½ªåŒºåˆ«å¤§ï¼Œä¸ç®¡æœ‰æ²¡æœ‰æœ€ç»ˆå®šè®ºï¼ŒåŠæ—¶æœ‰ä¸ªå®šè°ƒçš„è¯´æ³•å¥½
ZixÂ·1640,"https://tvax1.sinaimg.cn/crop.0.0.1080.1080.50/00870whQly8hevp72ap9ij30u00u0t9y.jpg?KID=imgbed,tva&Expires=1686727560&ssig=5qEGiLmwE2",å…¶ä»–,Tue Jun 13 10:48:03  2023,æ”¯æŒç½‘æš´å…¥åˆ‘ï¼ç½‘ç»œä¸æ˜¯æ³•å¤–ä¹‹åœ°ï¼ï¼ï¼
ç­æœ›è¿œå±±çº¢å¶,"https://tvax3.sinaimg.cn/crop.0.0.782.782.50/006THFS7ly8hb3g2m4w9nj30lq0lqq48.jpg?KID=imgbed,tva&Expires=1686727561&ssig=O5rT1y6Is1",é™•è¥¿,Tue Jun 13 10:47:16  2023,è¯´çš„æ¯”å”±çš„å¥½å¬ï¼Œè¿™è¯ä¸è™šã€‚
é£ç´§é›è¡Œé«˜Â·,"https://tvax3.sinaimg.cn/crop.0.0.667.667.50/007NeRQUly8gycey9p10uj30ij0ijdh1.jpg?KID=imgbed,tva&Expires=1686727561&ssig=fYBxdsjqf%2F",å…¶ä»–,Tue Jun 13 10:43:14  2023,æœŸå¾…CLZè¿›å»[åƒç“œ][åƒç“œ][åƒç“œ]
å•Šå•µå‘²çš„é¹…ä½›æ­Œ,"https://tvax1.sinaimg.cn/crop.0.0.1080.1080.50/4d14aec2ly8hdmavvkauwj20u00u0q6c.jpg?KID=imgbed,tva&Expires=1686727561&ssig=%2F5HH9T0MKY",å…¶ä»–,Tue Jun 13 10:42:29  2023,æ”¯æŒ[å¼€å­¦å­£]
é‚å®å…¬å®‰,"https://tvax2.sinaimg.cn/crop.0.0.600.600.50/d68e4133ly8h8w5x2r070j20go0got9v.jpg?KID=imgbed,tva&Expires=1686727561&ssig=pobnLZl4pK",å››å· é‚å®,Tue Jun 13 10:35:52  2023,#ç½‘ç»œæš´åŠ›è¿æ³•çŠ¯ç½ªåº”å½“ä¾æ³•ä¸¥è‚ƒè¿½ç©¶#
ä¸çŸ¥é“è‚‰è‚‰,"https://tvax3.sinaimg.cn/crop.0.0.1044.1044.50/0066jq3dly8gaszzh7kkwj30t00t0q4w.jpg?KID=imgbed,tva&Expires=1686727561&ssig=fOxNQxdxAO",äº‘å— æ˜†æ˜,Tue Jun 13 10:35:39  2023,æœ€å¥½è¯´åˆ°åšåˆ°
ä¼ --è®°,"https://tva4.sinaimg.cn/crop.480.212.250.250.50/8ed7632egw1e77jg3bs6wj20m80dwdjn.jpg?KID=imgbed,tva&Expires=1686727561&ssig=G3hLFYnl8I",å…¶ä»–,Tue Jun 13 10:34:26  2023,æœ‰æ³•å¯ä¾ï¼Œè¿æ³•å¿…ç©¶ã€‚
è²èŠ±ç¯èŠ±ä»™å­,"https://tvax3.sinaimg.cn/crop.0.0.996.996.50/007VItbWly8gre443xoo4j30ro0ro41u.jpg?KID=imgbed,tva&Expires=1686727561&ssig=BXExeV7Jzf",å…¶ä»–,Tue Jun 13 10:33:55  2023,æ„Ÿè°¢æ–°åç¤¾å‡ºæ‰‹äº†ï¼Œæ‰€æœ‰å®˜åª’ä¹‹ä¸­åªæœ‰ä½ å’Œå¤®è§†ï¼Œä½ ä»¬ä¸¤å®¶è¯´å¾—è¯æ˜¯æœ€æœ‰åˆ†é‡çš„ï¼Œä¸ºä½ ç‚¹èµ[good][good][good]
æ­£å±±å°å°å°å°ç§,"https://tvax3.sinaimg.cn/crop.0.0.1080.1080.50/008xD6dMly8hd637gmm7aj30u00u0gpy.jpg?KID=imgbed,tva&Expires=1686727561&ssig=8XCDMMQVM5",å±±ä¸œ æµå—,Tue Jun 13 10:32:59  2023,è¿«åœ¨çœ‰ç«äº†å±äºæ˜¯
yysssss18,"https://tvax3.sinaimg.cn/crop.0.0.932.932.50/008vex6Ply8h7tblb2leij30pw0pwjux.jpg?KID=imgbed,tva&Expires=1686727561&ssig=lxjVzBwaRr",ä¸Šæµ·,Tue Jun 13 10:32:37  2023,å®ååˆ¶å°±è¡Œäº†
æ²«æ²«å®¶çš„å®ˆæŠ¤ç¥åœ¨æ­¤,"https://tvax3.sinaimg.cn/crop.0.0.512.512.50/008qR85mly8he19t0ev8hj30e80e8my1.jpg?KID=imgbed,tva&Expires=1686727561&ssig=T3FyolJvEI",å…¶ä»–,Tue Jun 13 10:32:25  2023,ä»å¯¹ä½ ä»¬æœ‰æœŸç›¼åˆ°å¤±æœ›ï¼Œä½ çŒœéœ€è¦å¤šä¹…[æŒ–é¼»]
ç½è£…å°çº¢è¢,"https://tvax4.sinaimg.cn/crop.0.81.690.690.50/6d8ef809ly8hbjhn21ej7j20j60r4781.jpg?KID=imgbed,tva&Expires=1686727561&ssig=JSLUQA%2B%2FRA",å¹¿ä¸œ å¹¿å·,Tue Jun 13 10:32:09  2023,æ€»è¦æœ‰äººå½“å‡ºå¤´é¸Ÿçš„[doge]èµ¶ç´§çš„
æ™’ç€å¤ªé˜³çš„å¤§æ‡’æ‡’çŒ«,"https://tvax3.sinaimg.cn/crop.0.0.1080.1080.50/006BGmaely8gv5emrffe0j60u00u0q8h02.jpg?KID=imgbed,tva&Expires=1686727561&ssig=YYiMBoe1g1",å…¶ä»–,Tue Jun 13 10:31:50  2023,æ‰€ä»¥ä»€ä¹ˆæ—¶å€™å®Œå–„æ³•å¾‹ è¯¥æŠ“æŠ“ è¯¥åˆ¤åˆ¤ çœ‹è°è¿˜æ•¢ä¹±é€ è°£[æ€’][æ€’][æ€’]
axy_333,"https://tvax4.sinaimg.cn/crop.0.0.512.512.50/007uc0VBly8h4d3az3em2j30e80e80t1.jpg?KID=imgbed,tva&Expires=1686727561&ssig=oNAbKbhNfQ",æµ·å¤–,Tue Jun 13 10:27:48  2023,æ‹’ç»ç½‘ç»œæš´åŠ›ã€æ•´æ²»ç½‘ç»œæˆ¾æ°”[good]
çŸ³å¤´7å®è´å„¿,"https://tvax4.sinaimg.cn/crop.0.0.1080.1080.50/006ooSYyly8heoxdd6zz8j30u00u0tb5.jpg?KID=imgbed,tva&Expires=1686727561&ssig=UKZzBjP2ia",è¥¿è— é˜¿é‡Œ,Tue Jun 13 10:26:18  2023,å¸Œæœ›å°½å¿«å®Œæˆç«‹æ³•
ç–¯å­çˆ±å”±æ­Œé—ªé—ªå‘å…‰,"https://tvax1.sinaimg.cn/crop.0.0.500.500.50/008hTDwhly8hb8jt9hmi6j30dw0dwgmj.jpg?KID=imgbed,tva&Expires=1686727561&ssig=WKbYa3s%2F8r",å…¶ä»–,Tue Jun 13 11:34:10  2023,ä½ è¯´çš„å¯¹ï¼Œå‘¼åå‘¼åï¼Œé”®ç›˜ä¾ ä¸ä¼šå¬ä½ å‘¼åâ€¦â€¦ä¾æ³•å¤„ç†æ‰èƒ½è§£å†³æ ¹æœ¬ã€‚
åˆåˆå†é™©è®°,"https://tvax2.sinaimg.cn/crop.0.0.750.750.50/0074I8cGly8h4qe9u03stj30ku0ku0ty.jpg?KID=imgbed,tva&Expires=1686727561&ssig=MVxfVGcJzm",å…¶ä»–,Tue Jun 13 10:57:51  2023,æ³•æ²»ç¤¾ä¼šä¾æ®æ³•å¾‹æ³•è§„åŠäº‹å°±æˆï¼Œä¸è¦æå¾—ä¸æ˜ä¸ç™½ï¼Œè®©è€ç™¾å§“ä¸èƒ½ä¿¡æœã€‚
æµ·åº•é‡‡é£æ—¥è®°,"https://tvax2.sinaimg.cn/crop.0.0.500.500.50/008vs15Wly8hali1xt07jj30dw0dw3yj.jpg?KID=imgbed,tva&Expires=1686727561&ssig=7%2B3myJ%2Frsz",å®‰å¾½,Tue Jun 13 10:51:32  2023,ä¸ç›¸ä¿¡ä¼šè½å®ï¼Œé€€ä¸‹æ¢ä¸‹ä¸€ä¸ªå£å·
_æ—¶å…‰ç©¿è¶Šæœº_,"https://tvax1.sinaimg.cn/crop.0.0.1023.1023.50/a4323385ly8he6dbsbj49j20sg0sf41e.jpg?KID=imgbed,tva&Expires=1686727561&ssig=z25r0fNat%2F",åŒ—äº¬ ä¸œåŸåŒº,Tue Jun 13 22:32:33  2023,è¯·å…³æ³¨ä¸€ä¸‹æœ€å¤§çº§åˆ«çš„ç½‘æš´ï¼ŒæŒç»­äº†æ¥è¿‘ä¸¤å¹´
é™ˆä¸æƒ³é˜³,"https://tvax2.sinaimg.cn/crop.0.0.512.512.50/006fedT2ly8gg0u5hviogj30e80e80t7.jpg?KID=imgbed,tva&Expires=1686727561&ssig=7zioUTvAbE",æµ™æ±Ÿ å°å·,Tue Jun 13 22:30:09  2023,å¾—ç”¨å¤šå°‘é²œè¡€æ‰èƒ½è®©ç½‘ç»œæš´åŠ›ç«‹æ³• è‡ªèº«éš¾ä»¥çº¦æŸåªèƒ½ä¾é æ³•å¾‹äº†
æ±‰å°æ³•é™¢,"https://tvax4.sinaimg.cn/crop.0.0.996.996.50/e7b901a5ly8gwsl75g2jrj20ro0rotau.jpg?KID=imgbed,tva&Expires=1686727561&ssig=l72fVT5880",é™•è¥¿ æ±‰ä¸­,Tue Jun 13 16:43:32  2023,#ç½‘ç»œæš´åŠ›è¿æ³•çŠ¯ç½ªåº”å½“ä¾æ³•ä¸¥è‚ƒè¿½ç©¶#ã€æ–°åæ—¶è¯„ï¼š#ä¸ºæƒ©æ²»ç½‘ç»œæš´åŠ›è¿›ä¸€æ­¥ç»‡å¯†æ³•ç½‘#ã€‘
hdongze,"https://tva4.sinaimg.cn/crop.0.0.1424.1424.50/005DpvECjw8ezegsurng4j313k13k420.jpg?KID=imgbed,tva&Expires=1686727562&ssig=Fn%2FIBN47%2Bg",å…¶ä»–,Tue Jun 13 16:42:29  2023,ç½‘ä¸Šä¸€äº›æ¡ˆä¾‹ä¸­ï¼Œå¯¹ä¼ æ’­è°£è¨€è€…çš„å¤„ç½šå¥½åƒæ²¡æœ‰å¯¹ä¼ æ’­äº‹å®è€…å¤„ç½šæ¥çš„é‡ã€‚
lissaaaaaay,"https://tvax1.sinaimg.cn/crop.0.0.700.700.50/008of6dmly8gz3udoxzfuj30jg0jg3zc.jpg?KID=imgbed,tva&Expires=1686727562&ssig=XFcNiomnXv",é‡åº† å—å²¸åŒº,Tue Jun 13 16:29:27  2023,æ‰€ä»¥ä»€ä¹ˆæ—¶å€™åˆ¶è£å¼ æ’è¯ˆéª—ç½‘æš´å›¢ä¼™
ä¸€åŠæ˜¯å†°å±±Â·ä¸€åŠæ˜¯ç«ç„°,"https://tvax3.sinaimg.cn/crop.0.0.1080.1080.50/c4754977ly8h25c5hjuzvj20u00u0t9j.jpg?KID=imgbed,tva&Expires=1686727562&ssig=xKA%2BPx8Yi5",æ±Ÿè‹ æ— é”¡,Tue Jun 13 15:11:51  2023,å£å·å–Šäº†ä¸€éåˆä¸€éï¼Œå…¸å‹æ¡ˆä¾‹å¯ä»¥å…ˆåŠäº†å—ï¼Ÿ
æ²ˆç­±ç­±_0113,"https://tvax2.sinaimg.cn/crop.0.0.1000.1000.50/006buzcQly8hde56q37k0j30rs0rswhs.jpg?KID=imgbed,tva&Expires=1686727562&ssig=QX007G%2BDUv",å…¶ä»–,Tue Jun 13 14:55:29  2023,ä¸æ²»ç†å¹³å°å’Œåª’ä½“æœ‰ä»€ä¹ˆç”¨[æ±—]
ç‚¹ç‚¹ä¸æ–‘æ–‘,"https://tvax1.sinaimg.cn/crop.0.0.383.383.50/6c0dcaa6ly8gyx2sqr86bj20an0andga.jpg?KID=imgbed,tva&Expires=1686727562&ssig=u9ySNPw610",æ±Ÿè‹ è‹å·,Tue Jun 13 14:54:59  2023,è¿™æ¬¡å†ä¸å¤„ç†ä»¥åå°±éƒ½çŸ¥é“äº†ï¼Œå†™ä¸ªé“æ­‰å°±è¡Œï¼Œè€Œä¸”è¿˜ä¸éœ€è¦æ€åº¦è¯šæ³
ç”¨æˆ·æˆ‘å¿ƒå–„è‰¯,"https://tvax4.sinaimg.cn/crop.0.0.986.986.50/006IuGVlly8guf6kxnotrj60re0regpq02.jpg?KID=imgbed,tva&Expires=1686727562&ssig=Q5gCFnuJew",å¤©æ´¥,Tue Jun 13 13:41:07  2023,æŠŠ21å¹´å…«æœˆç‰¹å¤§å²æ— å‰ä¾‹æœ‰ç»„ç»‡æœ‰é¢„è°‹çŠ¯ç½ªæ€§è´¨çš„è¯½è°¤æ„é™·ç½‘ç»œæš´åŠ›äº‹ä»¶ï¼Œæèµ·å…¬è¯‰è®©äº‹ä»¶è¿˜åŸçœŸç›¸ï¼Œæ˜¯æ¨åŠ¨æ³•æ²»å»ºè®¾çš„ä¸€å¤§è¿›æ­¥ï¼
æ²™æ¼å§å§_,"https://tvax4.sinaimg.cn/crop.0.0.996.996.50/6f2cf520ly8gmtgc5h8fxj20ro0rowfs.jpg?KID=imgbed,tva&Expires=1686727562&ssig=5AI3DKDE4R",å…¶ä»–,Tue Jun 13 13:37:42  2023,æŠ“ä¸ªå…¸å‹  æ€é¸¡å„†çŒ´
é’æ¥¼å‰‘å®¢,"https://tva2.sinaimg.cn/crop.92.49.264.264.50/760d24ddgw1f4ozl0y0d5j20c808qt9v.jpg?KID=imgbed,tva&Expires=1686727562&ssig=naGtFKS2v0",å››å·,Tue Jun 13 13:12:52  2023,å‰å¹´å…«æœˆçš„å¼ æ¼”å‘˜äº‹ä»¶ï¼Œå¤šè¾¾30å‡ ä¸ªè°£è¨€ï¼Œç”šè‡³æœ‰äº›è¿˜ç¼–è¿›æ•™æï¼Œé€ æˆå½“äº‹äººç¤¾æ­»ï¼è¯·ä¸¥è‚ƒå¯¹å¾…ï¼Œè¯¥ç«‹æ³•ç«‹æ³•ï¼Œå£å·å…‰å–Šæ²¡æœ‰ç”¨ï¼
å¤©ä½¿çˆ±ä¹æœˆ,"https://tvax3.sinaimg.cn/crop.0.0.1035.1035.50/0062gjDtly8hb8x9mfhbjj30sr0sr762.jpg?KID=imgbed,tva&Expires=1686727562&ssig=sqwIAejHu9",å…¶ä»–,Tue Jun 13 13:00:38  2023,ç½‘ç»œæš´åŠ›ç«‹æ³•è¿½è´£ï¼Œç½‘ç»œå®ååˆ¶ï¼Œè¯·å°½å¿«å®æ–½ã€‚
qpå¤©ç©ºqp,"https://tvax3.sinaimg.cn/crop.0.0.1080.1080.50/008shtD5ly8h5q71jm7ovj30u00u0ju3.jpg?KID=imgbed,tva&Expires=1686727562&ssig=ViuICxdAcZ",ä¸Šæµ·,Tue Jun 13 12:37:49  2023,ä¼šä¸ä¼šè¿‡å‡ ä¸ªæœˆæˆ–è€…æ˜å¹´ã€åå¹´â€¦åˆå‡ºç°ç±»ä¼¼æ–‡æ¡ˆï¼Ÿæ¯•ç«Ÿå£å·å·²ç»å–Šäº†å‡ å¹´äº†
æ¸…å†·æœˆå…‰M,"https://tvax1.sinaimg.cn/crop.0.0.1328.1328.50/006mBAwBly8fec4o7qvdwj310w10wqhr.jpg?KID=imgbed,tva&Expires=1686727562&ssig=CSCS64M%2FsZ",å±±ä¸œ,Tue Jun 13 12:10:33  2023,ä½ ä»¬å®¶æ¯”äººæ—¥å¥½è‡³å°‘è®©è¯„è®º[å˜»å˜»]
TaylorAnge,"https://tva2.sinaimg.cn/crop.0.0.772.772.50/006pHRfdjw8f1qei6w0sbj30lg0lg3zm.jpg?KID=imgbed,tva&Expires=1686727562&ssig=X22X2phlUU",æµ·å¤– å…¶ä»–,Tue Jun 13 12:09:58  2023,æ¯å¹´éƒ½åœ¨å–Š ä¸€ç›´éƒ½æ²¡æœ‰æˆæ•ˆ ç”šè‡³äººå®¶è¿˜è¶Šç©è¶Šæºœ[666]
ç¨€é‡Œç³Šæ¶‚æ™’å¤ªé˜³,"https://tvax2.sinaimg.cn/crop.0.0.863.863.50/008uxVS8ly8h50jl1u3e5j30nz0nzmyd.jpg?KID=imgbed,tva&Expires=1686727562&ssig=QCH6DSIeN5",å…¶ä»–,Tue Jun 13 12:05:53  2023,è¿™å£å·å–Šå¾—ï¼Œä½ ä»¬è‡ªå·±ä¿¡å—[é»‘çº¿]
Palfirehot,"https://tvax4.sinaimg.cn/crop.0.0.512.512.50/008bdxwqly8hctbbp1pkcj30e80e8js0.jpg?KID=imgbed,tva&Expires=1686727562&ssig=Wdz4RhDTA8",æµ™æ±Ÿ æ­å·,Tue Jun 13 11:48:45  2023,å°½æ—©è½å® å†æŠŠè¿™å„¿æŸ¥æŸ¥
èŠ±å¼€æµ…å¤sunny5,"https://tvax3.sinaimg.cn/crop.0.0.940.940.50/008wxYmbly8hdvc9sbgr2j30q40q4diz.jpg?KID=imgbed,tva&Expires=1686727562&ssig=OafxTdDPtl",å››å· èµ„é˜³,Tue Jun 13 11:48:41  2023,ä½ å€’æ˜¯è½å®å•Šï¼Œå…‰å–Šå£å·[è£‚å¼€]
ç®€å•çš„æ„¿æ„L,"https://tvax2.sinaimg.cn/crop.0.0.565.565.50/008bivz4ly8h0s198ota1j30fp0fpwf2.jpg?KID=imgbed,tva&Expires=1686727562&ssig=vnEIOsPmVe",é‡åº†,Tue Jun 13 11:47:54  2023,èƒ½è½å®æœ€å¥½
YINYIL,"https://tvax2.sinaimg.cn/crop.0.0.132.114.50/008bRdwYly4gisbnogd0fj303o036jr7.jpg?KID=imgbed,tva&Expires=1686727562&ssig=cgQxpFxCZR",å…¶ä»–,Tue Jun 13 11:13:36  2023,è‰¯è¨€ä¸€å¥ä¸‰å†¬æš–ï¼Œæ¶è¯­ä¼¤äººå…­æœˆå¯’ã€‚ç½‘ç»œä¸æ˜¯æ³•å¤–ä¹‹åœ°ï¼Œæ¶äººç»ˆæœ‰æŠ¥åº”
ç¾å‡¤å‡¤å‘¢,"https://tvax4.sinaimg.cn/crop.0.0.864.864.50/0061lLWwly8haq8rij5tjj30o00o076s.jpg?KID=imgbed,tva&Expires=1686727562&ssig=%2BNoIKq9%2BBo",å±±ä¸œ,Tue Jun 13 11:02:34  2023,å¸Œæœ›èƒ½çœ‹åˆ°å®æ•ˆï¼Œè€Œä¸æ˜¯å…‰å–Šå£å·ã€‚
æ²™æ‹‰ggvv,"https://tvax3.sinaimg.cn/crop.0.0.1080.1080.50/005WwrQQly8hcsali8t9nj30u00u0n02.jpg?KID=imgbed,tva&Expires=1686727562&ssig=oj0BMi6lvw",æ²³åŒ—,Tue Jun 13 10:56:23  2023,èµ¶ç´§æŠ“ç´§è½å®å®æ–½ï¼Œçƒ‚æ­»äº†è¿™ä¸ªç½‘ç»œç¯å¢ƒï¼ï¼ï¼
å¶å°èˆÂ·2022,"https://tvax2.sinaimg.cn/crop.0.0.1002.1002.50/008tmmzlly8h2knhzfq5jj30ru0ru758.jpg?KID=imgbed,tva&Expires=1686727562&ssig=TvzXW8qXQ7",å…¶ä»–,Tue Jun 13 10:53:34  2023,å¸Œæœ›ç½‘æš´äº‹ä»¶ï¼Œé€ è°£è¯½è°¤ï¼Œé€ æˆæ¶åŠ£å½±å“çš„ï¼Œèƒ½å¤Ÿç«‹æ¡ˆï¼Œå¼ æ¼”å‘˜è¢«ç½‘æš´ï¼Œåˆ°ç°åœ¨è¿˜æ²¡ç«‹æ¡ˆå‘¢
å¤§è„¸å¦¹å¦¹ç²çŒªçŒª,"https://tvax4.sinaimg.cn/crop.0.0.1080.1080.50/006KnwhDly8hev78v95mnj30u00u0q5n.jpg?KID=imgbed,tva&Expires=1686727563&ssig=aq83w6t5xs",å…¶ä»–,Tue Jun 13 10:46:09  2023,å¸Œæœ›è¿™æ¬¡æ˜¯çœŸçš„äº†[å¯çˆ±]
è‰ºè´èŒ¶çº¢2010,"https://tvax3.sinaimg.cn/crop.0.0.750.750.50/57515ed3ly8h6y7pxfx7vj20ku0kumy6.jpg?KID=imgbed,tva&Expires=1686727563&ssig=2ROmbod9jb",ä¸Šæµ·,Tue Jun 13 10:44:01  2023,æå¿«ç‚¹
llli68,"https://tvax4.sinaimg.cn/crop.0.0.1080.1080.50/008vDDXVly8h7dwsjn9l5j30u00u0n2g.jpg?KID=imgbed,tva&Expires=1686727563&ssig=htK2nHpc3F",å®‰å¾½,Tue Jun 13 10:37:57  2023,å¥½åƒä¹Ÿæ²¡è°å¾—åˆ°ä»€ä¹ˆæ•‘æµ
åŠ åŠ åŠ æ²¹--å·´é»ä¸è¿œ,"https://tvax4.sinaimg.cn/crop.0.0.512.512.50/008w9CPVly8hbd8p7jwggj30e80e8q38.jpg?KID=imgbed,tva&Expires=1686727563&ssig=XEQ9jhwc3d",ä¸Šæµ· é•¿å®åŒº,Tue Jun 13 10:28:47  2023,ä»€ä¹ˆæ—¶å€™èƒ½çœŸæ­£è½åˆ°å®å¤„ï¼Œç›¼æ—©æ—¥ç½‘ç»œå®åï¼Œä¸¥æƒ©ç½‘ç»œæš´åŠ›ã€‚[ä½œæ–][ä½œæ–][ä½œæ–]
AutoportraitVanGogh,"https://tvax4.sinaimg.cn/crop.0.0.512.512.50/0087jkwwly8gh7urz5qh6j30e80e8752.jpg?KID=imgbed,tva&Expires=1686727563&ssig=IcI4nsBZ%2Bd",å¹¿ä¸œ å¹¿å·,Tue Jun 13 15:05:04  2023,ç°åœ¨æœ‰å¾‹å¸ˆä¼šä¸»åŠ¨ä¸Šé—¨æ‰¾è‰ºäººå¯»æ±‚åˆä½œï¼Œâ€œä¹°æ–­â€å…¶ç½‘ç»œä¾µæƒæ¡ˆä»¶ä»£ç†æƒï¼Œè¿™ç§â€œä¹°æ–­â€ä½£é‡‘æ¯”ä¾‹è¦æ¯”å½“åœ°å‘æ”¹å§”è§„å®šçš„é«˜ä¸å°‘ï¼Œå› æ­¤ä»£ç†åè®®ä¼šæœ‰é˜´é˜³åˆåŒï¼›ç¡®å®šåˆä½œä¹‹åï¼Œè‰ºäººå›¢é˜Ÿä¼šå¼ ç½—è¯æ®æ”¶é›†ï¼Œæ›´ç¦»è°±çš„è‰ºäººä¼šå”†ä½¿ç²‰ä¸ä¸»åŠ¨æ¿€æ€’ç½‘å‹æ¥åˆ¶é€ â€œç½‘ä¾µè¯æ®â€ï¼Œå¾‹å¸ˆå†æ‹¿ç€å»è¯‰è®¼ç‰Ÿåˆ©ã€‚â€œäººé€ ç½‘æš´â€ä¹Ÿè¦è¢«å…³æ³¨ã€‚
æ²¸ç¾Šç¾Šä½ å…«ä¸ªå‘€rua,"https://tvax1.sinaimg.cn/crop.0.0.1080.1080.50/006rspsUly8h8hbp073y3j30u00u0tdv.jpg?KID=imgbed,tva&Expires=1686727563&ssig=eiJ2d6Vbgx",å®å¤,Tue Jun 13 11:28:56  2023,ä»€ä¹ˆæ—¶å€™å‡ºç°æŸåœ°æŸäººå‘å¸ƒå‡æ¶ˆæ¯è¢«æ‹˜ç•™å‡ å¤©çš„æ¶ˆæ¯æ‰ç®—æ­£å¼æ‹‰å¼€å¸·å¹•ï¼Œä»€ä¹ˆæ—¶å€™å¼€å§‹ç‹ æŠ“ä»€ä¹ˆæ—¶å€™ç½‘ç»œå¹²å‡€
æœ€è®¨åŒåˆ«äººæ‰“é—®å·,"https://tvax3.sinaimg.cn/crop.0.0.1080.1080.50/0067YFcFly8hb4a9bq2ybj30u00u0wir.jpg?KID=imgbed,tva&Expires=1686727563&ssig=pfkf%2BgteJz",å…¶ä»–,Tue Jun 13 10:55:38  2023,å·å¤§ä¸å°±æ˜¯æœ€å¥½ä¾‹å­ï¼Ÿä¾æ³•å¤„ç†å§ï¼Œä»é‡å¤„ç†
ç«é”…æµ…æµ…å†²æµª,"https://tvax4.sinaimg.cn/crop.0.0.750.750.50/00852UPyly8h77zt2hvhmj30ku0kugnb.jpg?KID=imgbed,tva&Expires=1686727563&ssig=EeutPrEfrX",äº‘å—,Tue Jun 13 10:28:07  2023,å¸Œæœ›è½å®ï¼Œä¸è¦è®©ç²‰è‰²å¤´å‘å¥³å­©çš„æ‚²å‰§é‡æ¼”ï¼Œä¹Ÿä¸è¦å†è®©æ— è¾œçš„äººè¢«å¼€ç›’ã€‚
è“çªå„¿07083,"https://tvax1.sinaimg.cn/default/images/default_avatar_male_50.gif?KID=imgbed,tva&Expires=1686727563&ssig=iSziPxfdI4",å…¶ä»–,Tue Jun 13 10:36:44  2023,å¹³å°çš„è´£ä»»ä¹Ÿè¦ç®—è¿›å»ã€‚ä¸è¦èµšç€æµé‡æ¨æ³¢åŠ©æ¾œ[é²œèŠ±]
zykupc,"https://tvax3.sinaimg.cn/crop.0.0.664.664.50/a65d9355ly8g83mo3xhmoj20ig0igjs6.jpg?KID=imgbed,tva&Expires=1686727563&ssig=dd0IOKE%2Ff9",å…¶ä»–,Wed Jun 14 07:40:14  2023,æœ‰è°ƒæŸ¥ï¼Œæ‰æœ‰å‘è¨€æƒï¼ä¸èƒ½å¼ å£å°±æ¥ï¼Œç½‘ç»œä¸Šæ›´æ˜¯å¦‚æ­¤ï¼Œä¸èƒ½éšæ„è¯½è°¤ï¼Œæ±¡è”‘ï¼Œç½‘æš´ï¼
å°èä¸åœ¨o,"https://tvax1.sinaimg.cn/crop.0.0.1030.1030.50/007h1Pp1ly8h89grznn5wj30sm0smmzn.jpg?KID=imgbed,tva&Expires=1686727563&ssig=AlqoLEyGkw",å…¶ä»–,Tue Jun 13 22:11:34  2023,è¯·é—®ç½‘ç®¡æ€ä¹ˆæ‰¾[æ³ª][æ³ª]
ç¶²å¾Œé¤˜ç¬™202102,"https://tvax1.sinaimg.cn/default/images/default_avatar_male_50.gif?KID=imgbed,tva&Expires=1686727563&ssig=iSziPxfdI4",å…¶ä»–,Tue Jun 13 21:44:52  2023,ï¼Œ
Air-Gtime,"https://tvax1.sinaimg.cn/default/images/default_avatar_male_50.gif?KID=imgbed,tva&Expires=1686727563&ssig=iSziPxfdI4",åŒ—äº¬,Tue Jun 13 13:48:58  2023,å·å¤§ç ”ç©¶ç”Ÿæ±¡è”‘å¤§å”å·æ‹è¿™ä¹ˆä¸¥é‡çš„äº‹å„¿ä¸æœ€ç»ˆå’Œç¨€æ³¥äº†äº‹ã€‚
è¿·é€”å›§è·¯0528,"https://tvax2.sinaimg.cn/crop.0.0.1006.1006.50/008bMddhly8hdqw8ctk18j30ry0ryac5.jpg?KID=imgbed,tva&Expires=1686727563&ssig=1%2F%2FZkUmu2d",è¾½å® å¤§è¿,Tue Jun 13 12:18:17  2023,å¸Œæœ›è¯´åˆ°åšåˆ°
äººé—´_æ¸…é†’é˜¿,"https://tvax1.sinaimg.cn/default/images/default_avatar_female_50.gif?KID=imgbed,tva&Expires=1686727563&ssig=aCfKGACtr%2F",å…¶ä»–,Tue Jun 13 11:48:11  2023,æ‰€ä»¥è¦é¦–å…ˆå¤„ç†å¥½å·å¤§å¥³å­¦ç”Ÿï¼Œä¸€åˆ‡ä¸¥æƒ©ã€‚
é’æ˜¥XUå°æ•,"https://tvax1.sinaimg.cn/default/images/default_avatar_female_50.gif?KID=imgbed,tva&Expires=1686727563&ssig=aCfKGACtr%2F",æµ™æ±Ÿ,Tue Jun 13 10:45:51  2023,[å¾®ç¬‘]
æ¥å•¦æ¥å•¦æˆ‘æ¥å•¦1120,"https://tvax2.sinaimg.cn/crop.0.0.1080.1080.50/008wproXly8h939nbc5jgj30u00u0age.jpg?KID=imgbed,tva&Expires=1686727563&ssig=nC%2BmbGX6wb",å…¶ä»–,Tue Jun 13 10:29:51  2023,è¯·ä¸¥æƒ©ç½‘çˆ†è€…
å°æ¡¥æµæ°´æ²æ¸…é£,"https://tvax2.sinaimg.cn/crop.0.0.828.828.50/bf83317dly8hcy0e6jxknj20n00n0mya.jpg?KID=imgbed,tva&Expires=1686727564&ssig=92ueQej76g",åŒ—äº¬ ä¸œåŸåŒº,Tue Jun 13 16:21:10  2023,ç½‘ç»œæš´åŠ›è”“å»¶ã€æˆ¾æ°”æ¨ªç”Ÿï¼Œæ˜¯å¯¹ç¤¾ä¼šç¨³å®šï¼Œå›½å®¶å‘å±•ï¼Œé•¿æ²»ä¹…å®‰çš„å·¨å¤§å¨èƒï¼
å°æ¡¥æµæ°´æ²æ¸…é£,"https://tvax2.sinaimg.cn/crop.0.0.828.828.50/bf83317dly8hcy0e6jxknj20n00n0mya.jpg?KID=imgbed,tva&Expires=1686727564&ssig=92ueQej76g",åŒ—äº¬ ä¸œåŸåŒº,Tue Jun 13 15:49:56  2023,åšå†³æŠµåˆ¶ç½‘ç»œæš´åŠ›ï¼ŒæŠµåˆ¶åˆ¶é€ ç½‘ç»œæš´åŠ›äº‹ä»¶è¿›è¡Œæµé‡å˜ç°ï¼ŒæŠµåˆ¶åˆ©ç”¨ç½‘ç»œæš´åŠ›è¿›è¡Œæ¶æ„ç«äº‰ï¼Œåšå†³æ‰“å‡»ç»„ç»‡æ“çºµç½‘ç»œæš´åŠ›çš„ç½‘ç»œé»‘æ¶åŠ¿åŠ›ï¼
é’¢é“å‰æ™®çªå‡»616,"https://tvax1.sinaimg.cn/crop.160.2.400.400.50/007IKwkoly8gha11ato47j30k00b941m.jpg?KID=imgbed,tva&Expires=1686727564&ssig=02gSXT97IW",æ±Ÿè¥¿ å—æ˜Œ,Tue Jun 13 15:16:30  2023,[èµ][èµ][èµ][èµ][èµ][èµ][èµ][èµ][èµ]
å¡å¡K22,"https://tvax4.sinaimg.cn/crop.0.0.995.995.50/008c7PsZly8h0oyig29jyj30rn0rnta5.jpg?KID=imgbed,tva&Expires=1686727564&ssig=989MG655K%2F",å…¶ä»–,Tue Jun 13 15:16:28  2023,èƒ½ä¸èƒ½å…ˆæŠŠåª’ä½“ç»™ç®¡å¥½å‘¢[è´¹è§£]
é™_L_å¾…_èŠ±_H_å¼€,"https://tvax1.sinaimg.cn/crop.0.0.1080.1080.50/008cEX63ly8hbtc0wcrcbj30u00u0wgn.jpg?KID=imgbed,tva&Expires=1686727564&ssig=KeU2IFkXuI",å®‰å¾½,Tue Jun 13 14:45:15  2023,åšå†³æŠµåˆ¶ç½‘ç»œæš´åŠ›
æ˜¯éé¢˜zyq,"https://tvax1.sinaimg.cn/crop.0.0.1080.1080.50/008ey7WFly8h8plvzjr3lj30u00u0wi3.jpg?KID=imgbed,tva&Expires=1686727564&ssig=kvgjdroz2d",å…¶ä»–,Tue Jun 13 14:44:10  2023,é€ è°£çš„ä»€ä¹ˆæ—¶å€™å…¥åˆ‘ï¼Ÿæ•…æ„ææ€§åˆ«å¯¹ç«‹çš„ä»€ä¹ˆæ—¶å€™å…¥åˆ‘ï¼Ÿ
donao,"https://tvax2.sinaimg.cn/crop.0.0.750.750.50/61e165caly8haie413p6cj20ku0kuaax.jpg?KID=imgbed,tva&Expires=1686727564&ssig=qfUwpQru6s",å…¶ä»–,Tue Jun 13 14:37:49  2023,æ–°é—»æ³•æ–°é—»æ³•æ–°é—»æ³•ï¼Œé‡è¦çš„äº‹è¯´ä¸‰é
åŒ—åŒ—å½’èˆª,"https://tvax4.sinaimg.cn/crop.0.0.1080.1080.50/006nESmqly8hc8rvdhpmpj30u00u0dhq.jpg?KID=imgbed,tva&Expires=1686727564&ssig=4u8PEiQwWa",åŒ—äº¬,Tue Jun 13 14:01:42  2023,å¯ä¿¡å—ï¼Ÿ
hoheyh0,"https://tvax2.sinaimg.cn/crop.0.0.690.690.50/96531a4fly8h1o0xmptlzj20j60j6t94.jpg?KID=imgbed,tva&Expires=1686727564&ssig=imMD7aknft",å®‰å¾½ åˆè‚¥,Tue Jun 13 14:01:25  2023,@å››å·å¤§å­¦ çœ‹åˆ°äº†å—[å–µå–µ]
æ—¥å¸¸ä»Šå¤©,"https://tva2.sinaimg.cn/crop.0.0.996.996.50/006oZLEHjw8f1ad2tbtbej30ro0rodh7.jpg?KID=imgbed,tva&Expires=1686727564&ssig=rYRqi4KcoH",å¹¿è¥¿ å—å®,Tue Jun 13 13:26:12  2023,å…¸å‹æ¡ˆä¾‹ï¼Œé‚£å°±ä»å‰æ®µæ—¶é—´åœ°é“è¯½è°¤å¤§å”çš„é‚£ä¸ªï¼Œè¿˜æœ‰å­©å­åœ¨å­¦æ ¡è¢«æ’ï¼Œå› ä¸ºé‚£äº›èˆ†è®ºè·³æ¥¼çš„é‚£ä¸ªæ¯äº²ã€‚è¿™äº›æ¡ˆä¾‹æŠ“ä¸€æŠ“
BabyJillå¤©å¤©å¼€å¿ƒå“¦,"https://tvax2.sinaimg.cn/crop.0.0.1080.1080.50/49ebd6e4ly8h4rm0z54vjj20u00u0wkr.jpg?KID=imgbed,tva&Expires=1686727564&ssig=CL2r%2B12FrB",ä¸Šæµ· æµ¦ä¸œæ–°åŒº,Tue Jun 13 12:38:22  2023,æŠµåˆ¶ç½‘ç»œæš´åŠ› ç½‘ç»œæš´åŠ›åº”å½“ä¾æ³•ä¸¥è‚ƒè¿½ç©¶
åèƒ¥æ¢¦-èŒ,"https://tvax3.sinaimg.cn/crop.0.0.664.664.50/0024YziCly8guysub4qkdj60ig0igt9o02.jpg?KID=imgbed,tva&Expires=1686727565&ssig=5vuvZvspxP",æ²³å— éƒ‘å·,Tue Jun 13 12:17:00  2023,å‹åŠ›ç»™åˆ°è¿‘æœŸçƒ­ç‚¹äº‹ä»¶çš„æŸå¤§å­¦å’Œç ”äºŒå­¦ç”Ÿ
å¡æ—ºå¡ç©º,"https://tvax3.sinaimg.cn/crop.0.0.1080.1080.50/008h0N0nly8hejydironwj30u00u0757.jpg?KID=imgbed,tva&Expires=1686727565&ssig=YRRCaldPEf",å…¶ä»–,Tue Jun 13 12:16:36  2023,æ”¯æŒ ä¸¥è‚ƒè¿½ç©¶
2022å¿ƒçµä¹‹æ—…love,"https://tvax3.sinaimg.cn/crop.0.0.581.581.50/008uFZduly8het0j25r84j30g50g5gmn.jpg?KID=imgbed,tva&Expires=1686727565&ssig=zv4z56AU15",è¾½å®,Tue Jun 13 11:40:47  2023,ä¸¤å¹´æ¥ç”±äºç½‘æš´æ­»äº†å¤šå°‘äººï¼Œå¤©å¤©å–Šå£å·ï¼Œæœ‰ä»€ä¹ˆç”¨å•Š
ç„¶æ®Šè£,"https://tvax1.sinaimg.cn/crop.0.0.512.512.50/008fWbecly8gnp64vfzp1j30e80e80t3.jpg?KID=imgbed,tva&Expires=1686727565&ssig=qExg5mf9%2BK",å¹¿ä¸œ æ·±åœ³,Tue Jun 13 11:27:46  2023,å…šå‘˜å¸¦å¤´é€ è°£ç½‘çˆ†ä¾®è¾±äººå†œæ°‘å·¥ï¼Œè¿™äº‹ä¸å¤„ç†ï¼Œæˆ‘ä¸€æ—¥ä¸æ•¢ååœ°é“å»ä¸Šç­ã€‚
å¿ƒæ„¿_23481,"https://tvax4.sinaimg.cn/crop.0.58.497.497.50/0079zwwsly8frh0nvffkej30dw0kudgk.jpg?KID=imgbed,tva&Expires=1686727565&ssig=gAvV33Chhi",å®å¤,Tue Jun 13 11:22:11  2023,ç½‘ç»œæš´åŠ›å¤§å¤šæ•°æ˜¯æˆå¹´äººï¼Œå­¦ç”Ÿå“ªæœ‰æ—¶é—´
æ¾é¼ å¥½å›°-,"https://tvax3.sinaimg.cn/crop.0.0.1080.1080.50/007W5R67ly8hewrjckhwij30u00u0403.jpg?KID=imgbed,tva&Expires=1686727565&ssig=wrUSLo8Vf1",å…¶ä»–,Tue Jun 13 11:20:21  2023,æ”¯æŒ
ç¬‘è§£å°˜ç¼˜,"https://tvax3.sinaimg.cn/crop.0.0.928.928.50/008yQVYzly8heqw69k2e8j30ps0psdi7.jpg?KID=imgbed,tva&Expires=1686727565&ssig=Z%2FcHmjRDBd",å…¶ä»–,Tue Jun 13 11:10:46  2023,å¸Œæœ›ç½‘ç»œçœŸçš„ä¸å†æ˜¯ä¸æ³•ä¹‹åœ°ï¼Œé€ è°£æˆæœ¬å¤ªä½ï¼Œå¾®åšç­‰å¾ˆå¤šç½‘ç»œå¹³å°éƒ½æ²¦ä¸ºæŸäº›äººçš„èˆ†è®ºå·¥å…·ï¼Œæ€äººäºæ— å½¢å½“ä¸­ï¼Œæ”¯æŒæ¸…æœ—è¡ŒåŠ¨[ä½œæ–]
ç‹—å’¬æˆ‘ä¹Ÿä¸èƒ½å’¬ç‹—å•Š,"https://tvax1.sinaimg.cn/crop.0.0.812.812.50/b5e09ee1ly8g4govgiud4j20mk0mkdhn.jpg?KID=imgbed,tva&Expires=1686727565&ssig=UYwenuoknH",å…¶ä»–,Tue Jun 13 10:59:42  2023,å£å·å–Šå¾—éœ‡å¤©å“
æ°´æ»¡å¹³æ¹–,"https://tvax1.sinaimg.cn/default/images/default_avatar_female_50.gif?KID=imgbed,tva&Expires=1686727565&ssig=sv70UIe5Aq",å…¶ä»–,Tue Jun 13 10:57:24  2023,æˆ‘å°±æƒ³é—®ï¼Œæˆ‘ä»¬å›½å®¶ç®¡ç½‘ç»œçš„äººæœ‰æ²¡æœ‰çœŸçš„åœ¨åšäº‹ï¼Ÿç®¡ç½‘ç»œçš„äººæ˜¯çœŸæ‡‚ç½‘ç»œç®¡ç†å—ï¼Ÿè¿™ä¸ªç¤¾ä¼šè¶Šæ¥è¶Šæ’•è£‚ï¼Œæ„Ÿè§‰ä¸Šç½‘å¤šäº†ï¼Œäººçš„æ¶™æ°”è¶Šæ¥è¶Šé‡
æœ±æ´ª1256,"https://tvax2.sinaimg.cn/crop.0.0.180.180.50/0062j3j4ly8h257v72vxfj3050050jrc.jpg?KID=imgbed,tva&Expires=1686727566&ssig=q0HO4%2FzugW",æ²³å—,Tue Jun 13 10:54:16  2023,è¡ŒåŠ¨ï¼Œè¡ŒåŠ¨ï¼Œè¡ŒåŠ¨ï¼Œç©ºè°ˆæ— ç”¨ã€‚
è¿™å±€å·²èƒœ,"https://tvax4.sinaimg.cn/crop.0.0.1020.1020.50/008yRaemly8hepvjujba4j30sd0scadc.jpg?KID=imgbed,tva&Expires=1686727566&ssig=DHS8Hc2pi4",å…¶ä»–,Tue Jun 13 10:50:09  2023,ç‹¼æ¥äº†çš„æ•…äº‹ä¸æƒ³åœ¨è€åˆ°äº†
åƒä¸‡ä¸è¦å¿˜è®°51_31,"https://tvax4.sinaimg.cn/crop.0.0.656.656.50/008rFfhXly8h9o334n0txj30i80i8jsr.jpg?KID=imgbed,tva&Expires=1686727566&ssig=LmWjw2niln",é™•è¥¿ è¥¿å®‰,Tue Jun 13 10:45:44  2023,æ‰€ä»¥ä½ ä»¬çš„â€œå¤„ç†æ–¹å¼â€æ˜¯æ¥ä¸‹æ¥å°±ç½‘æš´ä¸€ä¸ªç½ªä¸è¯¥æ­»çš„äººå—ï¼Ÿï¼Ÿï¼Ÿ
é˜³é˜³511_,"https://tvax2.sinaimg.cn/crop.0.0.132.132.50/008yQW47ly4heqwc01894j303o03odfl.jpg?KID=imgbed,tva&Expires=1686727566&ssig=s8GG%2Fl4aAR",å…¶ä»–,Tue Jun 13 10:43:25  2023,å…‰å–Šå£å·ï¼Œå–Šå‡ å¹´äº†ï¼Œä»€ä¹ˆæ—¶å€™å®æ–½ï¼Ÿ
å¢è€å¸ˆçš„åŠ è²çŒ«,"https://tva3.sinaimg.cn/crop.0.0.180.180.50/53be7585jw1e8qgp5bmzyj2050050aa8.jpg?KID=imgbed,tva&Expires=1686727566&ssig=w8Mi9pPNvU",è¾½å® å¤§è¿,Tue Jun 13 10:41:28  2023,å¸Œæœ›å·å¤§æ±ªåŠ²æ¾æ ¡é•¿æ­£é¢å›åº”ç½‘æš´äº‹ä»¶@å››å·å¤§å­¦
é»„å¢©å¢©æœ¬å¢©,"https://tvax4.sinaimg.cn/crop.0.0.512.512.50/006nXHOzly8grpowh0pg9j30e80e8my4.jpg?KID=imgbed,tva&Expires=1686727566&ssig=EZ9nZWQaD%2B",å››å· æˆéƒ½,Tue Jun 13 10:36:51  2023,æœ‰äº›â€œäººâ€éƒ½å®åé€ è°£äº†éƒ½æ²¡æ³•ä¸¾æŠ¥è¿™å«ä»€ä¹ˆäº‹å„¿å•Š
é’æ«æ ‘comingsoon,"https://tvax2.sinaimg.cn/crop.0.0.1070.1070.50/008t3Yb6ly8hcz127lppaj30tq0tqmyt.jpg?KID=imgbed,tva&Expires=1686727566&ssig=XxNCRNx2D0",åŒ—äº¬,Tue Jun 13 10:36:00  2023,çœ‹è¡ŒåŠ¨äº†[ä½œæ–][ä½œæ–]
-å¤œé£çŸ¥ç§‹-,"https://tvax1.sinaimg.cn/crop.0.0.844.844.50/0082A6U5ly8gv17y065yvj60ng0ng41602.jpg?KID=imgbed,tva&Expires=1686727566&ssig=I3v8BaHcig",åŒ—äº¬,Tue Jun 13 10:33:20  2023,ä½ ä»¬å€’æ˜¯è¡ŒåŠ¨å•Šï¼Œå› ä¸ºç½‘æš´å‡ºäº†å¤šå°‘äº‹äº†ï¼Œåˆ«å¤©å¤©æ­»äººäº†å°±å–Šä¸€ä¸‹å£å·ï¼Œå¹³å°ç¦ä¸€æ‰¹è´¦å·ï¼Œè¿‡ç¨‹ä¸­è¿˜å¤¹å¸¦ç‚¹ç§è´§ï¼Œå†²å†²ä¸šç»©ã€‚
è¿™ä¸ªäººè¯ä¸èƒ½åœå•Š,"https://tvax2.sinaimg.cn/crop.0.0.1002.1002.50/9d92f011ly8gi9q9tpwemj20ru0ru0ue.jpg?KID=imgbed,tva&Expires=1686727567&ssig=CijR7eE6kc",å…¶ä»–,Tue Jun 13 10:31:13  2023,é‚£å¦‚æœå½“äº‹äººé€ è°£è¯½è°¤è°©éª‚ä¾®è¾±è¿˜æ˜¯åœ¨çº¿ä¸‹çš„ï¼Œè¿˜è¢«æ‹åˆ°äº†å°±ä¸è¯¥éª‚äº†ï¼Ÿè¿˜æœ‰å¹³å°æ•…æ„å¼•å¯¼å‘¢ï¼Ÿ
Haokuer,"https://tvax4.sinaimg.cn/crop.0.0.1080.1080.50/008yS4dxly8hetbpyy0lij30u00u0t9y.jpg?KID=imgbed,tva&Expires=1686727567&ssig=BReVk1zNcB",å…¶ä»–,Tue Jun 13 10:30:56  2023,å£å·åˆ«å–Šäº†[æ¯”è€¶]
é©ºÂ·å¾,"https://tvax1.sinaimg.cn/crop.0.0.512.512.50/007Th6KBly8hctcge021qj30e80e83z9.jpg?KID=imgbed,tva&Expires=1686727567&ssig=3jSsSGBGM%2F",æ–°ç–† å…‹æ‹‰ç›ä¾,Tue Jun 13 10:30:55  2023,å›´å‰¿å¥³æ€§ä¸æ˜¯ç½‘æš´ï¼Ÿ
MKå°Få·,"https://tvax4.sinaimg.cn/crop.0.0.1080.1080.50/008m098Ely8h7r8a3x8urj30u00u040r.jpg?KID=imgbed,tva&Expires=1686727567&ssig=2hx9jZRDE3",å…¶ä»–,Tue Jun 13 10:29:17  2023,å¹³å°ç½‘ç»œæš´åŠ›å†²çªçš„å§‹ä½œä¿‘è€…
é’¢é“å‰æ™®çªå‡»616,"https://tvax1.sinaimg.cn/crop.160.2.400.400.50/007IKwkoly8gha11ato47j30k00b941m.jpg?KID=imgbed,tva&Expires=1686727567&ssig=YY%2BDFOAspa",æ±Ÿè¥¿ å—æ˜Œ,Tue Jun 13 10:28:40  2023,åšå†³æ”¯æŒï¼ï¼ï¼åšå†³æ‹¥æŠ¤ï¼ï¼ï¼[åŠ æ²¹][åŠ æ²¹][åŠ æ²¹]
å½¤äº‘99,"https://tvax4.sinaimg.cn/crop.0.0.1080.1080.50/0067srVEly8gtn5y4iw9nj30u00u079s.jpg?KID=imgbed,tva&Expires=1686727567&ssig=Z6nxNQt7t2",æ²³åŒ—,Tue Jun 13 10:28:05  2023,å®æ–½ç½‘ç»œå®ååˆ¶ åšå†³æŠµåˆ¶ç½‘ç»œæš´åŠ› è¿æ³•å¿…ç©¶ å°¤å…¶ç…½åŠ¨ç½‘çˆ†è€…éœ€åŠ é‡å¤„ç½šåŠ›åº¦
å†¥å¤œæ¡‘é…’,"https://tvax1.sinaimg.cn/crop.0.0.600.600.50/a5a3c072ly8hdz45kmy0yj20go0goab0.jpg?KID=imgbed,tva&Expires=1686727567&ssig=%2BfPPJ1ANMx",å…¶ä»–,Tue Jun 13 10:27:04  2023,å¿…é¡»ä¾æ³•è¿½ç©¶
2021å°‘ç©å¾®åš,"https://tvax4.sinaimg.cn/crop.0.0.960.960.50/005RsLaHly8hcd16v3wegj30qo0qodir.jpg?KID=imgbed,tva&Expires=1686727567&ssig=IP18lT6wHl",å…¶ä»–,Tue Jun 13 10:26:42  2023,å¸Œæœ›è½å®åˆ°ä½ï¼Œä¸æƒ³å†æ¬¡çœ‹åˆ°æ‚²å‰§å‘ç”Ÿäº†
è‹_å—511,"https://tvax4.sinaimg.cn/crop.0.0.512.512.50/6713146dly8h5etzgju79j20e80e874g.jpg?KID=imgbed,tva&Expires=1686727567&ssig=n8VXl0uLuM",æ±Ÿè‹ è‹å·,Wed Jun 14 07:15:42  2023,é»‘ç²‰ã€é»‘å­å¤ªè½»é£˜é£˜äº† æ—¢ç„¶é€‰æ‹©å®ƒæ¥å‘Š ä¼°è®¡æœ‰å¯èƒ½æ˜¯é»‘å…¬å…³çš„ä¸»è¦æ‰“æ‰‹
ç”Ÿæ€§æ— è¶£å¾—å¾ˆ,"https://tvax1.sinaimg.cn/crop.0.0.1080.1080.50/008ywJEXly8he3r5mbfm9j30u00u0tji.jpg?KID=imgbed,tva&Expires=1686727568&ssig=TIZVnIlu1E",å…¶ä»–,Tue Jun 13 19:06:58  2023,æå¿«ç‚¹ï¼Œè®©æˆ‘ä»¬é˜³å…‰åˆæ­£ç›´çš„å¼ å“²ç€šå›æ¥ï¼[good]
è·¯è§ä¸å¹³æ‹”åˆ€ç²‰,"https://tvax2.sinaimg.cn/crop.0.0.996.996.50/007XVauBly8gvu7b63b0xj30ro0rot9n.jpg?KID=imgbed,tva&Expires=1686727571&ssig=1lv51yVIpa",å¹¿ä¸œ æ·±åœ³,Tue Jun 13 20:44:34  2023,æ‹¥æœ‰2000ä¸‡ç²‰ä¸çš„æ˜æ˜Ÿå°šä¸”è¢«ç½‘æš´è¿«å®³å¾—å¦‚æ­¤ä¸¥é‡ï¼Œæ™®é€šç™¾å§“é‡åˆ°ç½‘æš´æ›´æ˜¯æ— æ³•è‡ªä¿ã€‚
è·¯è§ä¸å¹³æ‹”åˆ€ç²‰,"https://tvax2.sinaimg.cn/crop.0.0.996.996.50/007XVauBly8gvu7b63b0xj30ro0rot9n.jpg?KID=imgbed,tva&Expires=1686727571&ssig=1lv51yVIpa",å¹¿ä¸œ æ·±åœ³,Tue Jun 13 20:43:23  2023,å¤ªå¯æ€•äº†ï¼å¤ªè’è°¬äº†ï¼ ç›´åˆ°ä»Šå¤©ï¼Œä»–ä¾ç„¶åœ¨è‰°éš¾ç»´æƒã€‚ç½‘æš´ä»ç„¶åœ¨æŒç»­å±å®³ç€ä»–ã€‚
è·¯è§ä¸å¹³æ‹”åˆ€ç²‰,"https://tvax2.sinaimg.cn/crop.0.0.996.996.50/007XVauBly8gvu7b63b0xj30ro0rot9n.jpg?KID=imgbed,tva&Expires=1686727571&ssig=1lv51yVIpa",å¹¿ä¸œ æ·±åœ³,Tue Jun 13 20:43:10  2023,2021å¹´8æœˆ13è‡³15æ—¥ï¼Œå¤§é‡æ°´å†›ä¸è¥é”€å·åŒæ—¶å‡ºåŠ¨ï¼Œä¸€åœºæœ‰é¢„è°‹çš„é€ è°£å¼æ±¡é™·åŠç½‘æš´ä¸Šæ¼”äº†ã€‚ä¸€ä¸ªæœ‰ç€åå¹´çˆ±å›½è¨€è¡Œçš„ä¼˜ç§€æ¼”å‘˜åˆšåˆšçˆ†çº¢å°±é­äººæ„é™·ï¼Œ2018å¹´çš„æ—…æ¸¸èµæ¨±æ—§ç…§è¢«æ‹¿å‡ºæ¥æ¶æ„è§£è¯»ï¼Œé»›è–‡å¤«äººçš„ç™¾åº¦è¯æ¡è¢«æå‰ä¸€å¤©æ¶æ„æ›´æ”¹ï¼Œä¸‰åæ¡è°£è¨€ä¸€èµ·é“ºå«ï¼Œå¼ å§“æ¼”å‘˜ä¸‰å¤©å°±è¢«æ‰“æˆäº†æ±‰å¥¸ï¼Œå‰¥å¤ºäº†æ­£å¸¸å·¥ä½œç”Ÿæ´»çš„æƒåˆ©
é¥­ç‚’ç‚’å°±ç†Ÿäº†æƒ…æ„Ÿç‚’ç‚’å°±æ·¡äº†,"https://tva4.sinaimg.cn/crop.0.0.180.180.50/9de31ec5jw1e8qgp5bmzyj2050050aa8.jpg?KID=imgbed,tva&Expires=1686727574&ssig=bLmO%2FBjvZV",æ²³å— ä¸‰é—¨å³¡,Tue Jun 13 16:33:57  2023,è½¬å‘å¾®åš
